tokenID,name,description,file_name,external_url,attributes[Palette],attributes[Scale],attributes[Style],attributes[Half],attributes[Pair],attributes[Twin],attributes[Seed]
1,Brocca #001,"Brocca, Edition half of pair 001 of 250. Morandi — the vessel and the air around it. Medium scale, mixed-style, rendered deterministically from seed njed0bry. Its Twin is Fiato: free to claim for whoever holds this piece.",filament_1777568401717_0004_njed0bry_Morandi_medium.webp,https://unrealfilament.art/edition/#001,Morandi,Medium,Mixed-style,Edition,1,Fiato,njed0bry
2,Boccale #002,"Boccale, Edition half of pair 002 of 250. Morandi — the vessel and the air around it. Jumbo scale, beads, rendered deterministically from seed 69fkxzjy. Its Twin is Velo: free to claim for whoever holds this piece.",filament_1777569571552_0056_69fkxzjy_Morandi_jumbo.webp,https://unrealfilament.art/edition/#002,Morandi,Jumbo,Beads,Edition,2,Velo,69fkxzjy
3,Ciotola #003,"Ciotola, Edition half of pair 003 of 250. Morandi — the vessel and the air around it. Jumbo scale, beads, rendered deterministically from seed rbrft6ji. Its Twin is Bruma: free to claim for whoever holds this piece.",filament_1777569588985_0084_rbrft6ji_Morandi_jumbo.webp,https://unrealfilament.art/edition/#003,Morandi,Jumbo,Beads,Edition,3,Bruma,rbrft6ji
4,Vaso #004,"Vaso, Edition half of pair 004 of 250. Morandi — the vessel and the air around it. Small scale, beads, rendered deterministically from seed dgo7y2qy. Its Twin is Foschia: free to claim for whoever holds this piece.",filament_1777570215331_0028_dgo7y2qy_Morandi_small.webp,https://unrealfilament.art/edition/#004,Morandi,Small,Beads,Edition,4,Foschia,dgo7y2qy
5,Scatola #005,"Scatola, Edition half of pair 005 of 250. Morandi — the vessel and the air around it. Large scale, mixed-style, rendered deterministically from seed 9ik6v3ka. Its Twin is Pulviscolo: free to claim for whoever holds this piece.",filament_1777570349787_0097_9ik6v3ka_Morandi_large.webp,https://unrealfilament.art/edition/#005,Morandi,Large,Mixed-style,Edition,5,Pulviscolo,9ik6v3ka
6,Bottiglia #006,"Bottiglia, Edition half of pair 006 of 250. Morandi — the vessel and the air around it. Large scale, beads, rendered deterministically from seed 7kb4tvzb. Its Twin is Chiarore: free to claim for whoever holds this piece.",filament_1777667023325_0010_7kb4tvzb_Morandi_large.webp,https://unrealfilament.art/edition/#006,Morandi,Large,Beads,Edition,6,Chiarore,7kb4tvzb
7,Tazza #007,"Tazza, Edition half of pair 007 of 250. Morandi — the vessel and the air around it. Mixed scale, mixed-style, rendered deterministically from seed pj81xpqc. Its Twin is Respiro: free to claim for whoever holds this piece.",filament_1777667041920_0012_pj81xpqc_Morandi_mixed.webp,https://unrealfilament.art/edition/#007,Morandi,Mixed,Mixed-style,Edition,7,Respiro,pj81xpqc
8,Anfora #008,"Anfora, Edition half of pair 008 of 250. Morandi — the vessel and the air around it. Mixed scale, mixed-style, rendered deterministically from seed zbxhmsiq. Its Twin is Sospiro: free to claim for whoever holds this piece.",filament_1777667053146_0008_zbxhmsiq_Morandi_mixed.webp,https://unrealfilament.art/edition/#008,Morandi,Mixed,Mixed-style,Edition,8,Sospiro,zbxhmsiq
9,Coppa #009,"Coppa, Edition half of pair 009 of 250. Morandi — the vessel and the air around it. Mixed scale, mixed-style, rendered deterministically from seed 1gw4vyuw. Its Twin is Nebbia: free to claim for whoever holds this piece.",filament_1777667056954_0012_1gw4vyuw_Morandi_mixed.webp,https://unrealfilament.art/edition/#009,Morandi,Mixed,Mixed-style,Edition,9,Nebbia,1gw4vyuw
10,Barattolo #010,"Barattolo, Edition half of pair 010 of 250. Morandi — the vessel and the air around it. Mixed scale, mixed-style, rendered deterministically from seed 1afhh5vk. Its Twin is Vapore: free to claim for whoever holds this piece.",filament_1777667058669_0014_1afhh5vk_Morandi_mixed.webp,https://unrealfilament.art/edition/#010,Morandi,Mixed,Mixed-style,Edition,10,Vapore,1afhh5vk
11,Fiasco #011,"Fiasco, Edition half of pair 011 of 250. Morandi — the vessel and the air around it. Medium scale, mixed-style, rendered deterministically from seed imb7hlbd. Its Twin is Fumo: free to claim for whoever holds this piece.",filament_1777667172540_0065_imb7hlbd_Morandi_medium.webp,https://unrealfilament.art/edition/#011,Morandi,Medium,Mixed-style,Edition,11,Fumo,imb7hlbd
12,Orcio #012,"Orcio, Edition half of pair 012 of 250. Morandi — the vessel and the air around it. Large scale, mixed-style, rendered deterministically from seed wf1tljpc. Its Twin is Spiro: free to claim for whoever holds this piece.",filament_1777667182364_0077_wf1tljpc_Morandi_large.webp,https://unrealfilament.art/edition/#012,Morandi,Large,Mixed-style,Edition,12,Spiro,wf1tljpc
13,Alzata #013,"Alzata, Edition half of pair 013 of 250. Morandi — the vessel and the air around it. Mixed scale, mixed-style, rendered deterministically from seed 8z3se0fh. Its Twin is Penombra: free to claim for whoever holds this piece.",filament_1777667205941_0102_8z3se0fh_Morandi_mixed.webp,https://unrealfilament.art/edition/#013,Morandi,Mixed,Mixed-style,Edition,13,Penombra,8z3se0fh
14,Mensola #014,"Mensola, Edition half of pair 014 of 250. Morandi — the vessel and the air around it. Mixed scale, beads, rendered deterministically from seed filament. Its Twin is Riflesso: free to claim for whoever holds this piece.",filament_filament_Morandi_mixed.webp,https://unrealfilament.art/edition/#014,Morandi,Mixed,Beads,Edition,14,Riflesso,filament
15,Torrione #015,"Torrione, Edition half of pair 015 of 250. Montefeltro — the fortress wall and the gap that lets the light through. Mixed scale, beads, rendered deterministically from seed ewpmf5kg. Its Twin is Feritoia: free to claim for whoever holds this piece.",filament_1777569271276_0015_ewpmf5kg_Montefeltro_mixed.webp,https://unrealfilament.art/edition/#015,Montefeltro,Mixed,Beads,Edition,15,Feritoia,ewpmf5kg
16,Bastione #016,"Bastione, Edition half of pair 016 of 250. Montefeltro — the fortress wall and the gap that lets the light through. Large scale, beads, rendered deterministically from seed vsj8dhsk. Its Twin is Loggia: free to claim for whoever holds this piece.",filament_1777569275773_0019_vsj8dhsk_Montefeltro_large.webp,https://unrealfilament.art/edition/#016,Montefeltro,Large,Beads,Edition,16,Loggia,vsj8dhsk
17,Merlo #017,"Merlo, Edition half of pair 017 of 250. Montefeltro — the fortress wall and the gap that lets the light through. Jumbo scale, beads, rendered deterministically from seed nf62fka5. Its Twin is Balcone: free to claim for whoever holds this piece.",filament_1777569561661_0040_nf62fka5_Montefeltro_jumbo.webp,https://unrealfilament.art/edition/#017,Montefeltro,Jumbo,Beads,Edition,17,Balcone,nf62fka5
18,Rocca #018,"Rocca, Edition half of pair 018 of 250. Montefeltro — the fortress wall and the gap that lets the light through. Jumbo scale, beads, rendered deterministically from seed zezh2zes. Its Twin is Varco: free to claim for whoever holds this piece.",filament_1777569611678_0118_zezh2zes_Montefeltro_jumbo.webp,https://unrealfilament.art/edition/#018,Montefeltro,Jumbo,Beads,Edition,18,Varco,zezh2zes
19,Cortile #019,"Cortile, Edition half of pair 019 of 250. Montefeltro — the fortress wall and the gap that lets the light through. Jumbo scale, beads, rendered deterministically from seed dorzkgu1. Its Twin is Spiraglio: free to claim for whoever holds this piece.",filament_1777569631808_0150_dorzkgu1_Montefeltro_jumbo.webp,https://unrealfilament.art/edition/#019,Montefeltro,Jumbo,Beads,Edition,19,Spiraglio,dorzkgu1
20,Muraglia #020,"Muraglia, Edition half of pair 020 of 250. Montefeltro — the fortress wall and the gap that lets the light through. Mixed scale, mixed-style, rendered deterministically from seed r7pbw30f. Its Twin is Soglia: free to claim for whoever holds this piece.",filament_1777570195864_0010_r7pbw30f_Montefeltro_mixed.webp,https://unrealfilament.art/edition/#020,Montefeltro,Mixed,Mixed-style,Edition,20,Soglia,r7pbw30f
21,Contrafforte #021,"Contrafforte, Edition half of pair 021 of 250. Montefeltro — the fortress wall and the gap that lets the light through. Jumbo scale, mixed-style, rendered deterministically from seed 4m7gy5es. Its Twin is Arcata: free to claim for whoever holds this piece.",filament_1777667017317_0004_4m7gy5es_Montefeltro_jumbo.webp,https://unrealfilament.art/edition/#021,Montefeltro,Jumbo,Mixed-style,Edition,21,Arcata,4m7gy5es
22,Torretta #022,"Torretta, Edition half of pair 022 of 250. Montefeltro — the fortress wall and the gap that lets the light through. Mixed scale, mixed-style, rendered deterministically from seed mqow65ws. Its Twin is Abbaino: free to claim for whoever holds this piece.",filament_1777667045013_0001_mqow65ws_Montefeltro_mixed.webp,https://unrealfilament.art/edition/#022,Montefeltro,Mixed,Mixed-style,Edition,22,Abbaino,mqow65ws
23,Fossato #023,"Fossato, Edition half of pair 023 of 250. Montefeltro — the fortress wall and the gap that lets the light through. Medium scale, mixed-style, rendered deterministically from seed z4ppow9t. Its Twin is Ponte: free to claim for whoever holds this piece.",filament_1777667048979_0004_z4ppow9t_Montefeltro_medium.webp,https://unrealfilament.art/edition/#023,Montefeltro,Medium,Mixed-style,Edition,23,Ponte,z4ppow9t
24,Cinta #024,"Cinta, Edition half of pair 024 of 250. Montefeltro — the fortress wall and the gap that lets the light through. Medium scale, mixed-style, rendered deterministically from seed 0il25nrb. Its Twin is Portale: free to claim for whoever holds this piece.",filament_1777667115964_0001_0il25nrb_Montefeltro_medium.webp,https://unrealfilament.art/edition/#024,Montefeltro,Medium,Mixed-style,Edition,24,Portale,0il25nrb
25,Pilastro #025,"Pilastro, Edition half of pair 025 of 250. Montefeltro — the fortress wall and the gap that lets the light through. Mixed scale, mixed-style, rendered deterministically from seed vgomhsu1. Its Twin is Lucernario: free to claim for whoever holds this piece.",filament_1777667151792_0044_vgomhsu1_Montefeltro_mixed.webp,https://unrealfilament.art/edition/#025,Montefeltro,Mixed,Mixed-style,Edition,25,Lucernario,vgomhsu1
26,Bugnato #026,"Bugnato, Edition half of pair 026 of 250. Montefeltro — the fortress wall and the gap that lets the light through. Medium scale, mixed-style, rendered deterministically from seed 9eqfem8j. Its Twin is Finestrella: free to claim for whoever holds this piece.",filament_1777667222317_0124_9eqfem8j_Montefeltro_medium.webp,https://unrealfilament.art/edition/#026,Montefeltro,Medium,Mixed-style,Edition,26,Finestrella,9eqfem8j
27,Stendardo #027,"Stendardo, Edition half of pair 027 of 250. Carpaccio — Venetian ceremony and the water that reflects it. Jumbo scale, beads, rendered deterministically from seed ztefxxoo. Its Twin is Laguna: free to claim for whoever holds this piece.",filament_1777569327478_0011_ztefxxoo_Carpaccio_jumbo.webp,https://unrealfilament.art/edition/#027,Carpaccio,Jumbo,Beads,Edition,27,Laguna,ztefxxoo
28,Gonfalone #028,"Gonfalone, Edition half of pair 028 of 250. Carpaccio — Venetian ceremony and the water that reflects it. Jumbo scale, beads, rendered deterministically from seed 96m8blqp. Its Twin is Riva: free to claim for whoever holds this piece.",filament_1777569572815_0058_96m8blqp_Carpaccio_jumbo.webp,https://unrealfilament.art/edition/#028,Carpaccio,Jumbo,Beads,Edition,28,Riva,96m8blqp
29,Corteo #029,"Corteo, Edition half of pair 029 of 250. Carpaccio — Venetian ceremony and the water that reflects it. Jumbo scale, beads, rendered deterministically from seed ca6nfrx6. Its Twin is Scia: free to claim for whoever holds this piece.",filament_1777569578428_0067_ca6nfrx6_Carpaccio_jumbo.webp,https://unrealfilament.art/edition/#029,Carpaccio,Jumbo,Beads,Edition,29,Scia,ca6nfrx6
30,Porpora #030,"Porpora, Edition half of pair 030 of 250. Carpaccio — Venetian ceremony and the water that reflects it. Jumbo scale, beads, rendered deterministically from seed 6u2jg244. Its Twin is Marea: free to claim for whoever holds this piece.",filament_1777569594381_0093_6u2jg244_Carpaccio_jumbo.webp,https://unrealfilament.art/edition/#030,Carpaccio,Jumbo,Beads,Edition,30,Marea,6u2jg244
31,Damasco #031,"Damasco, Edition half of pair 031 of 250. Carpaccio — Venetian ceremony and the water that reflects it. Jumbo scale, beads, rendered deterministically from seed p7ftc0px. Its Twin is Risacca: free to claim for whoever holds this piece.",filament_1777569620547_0133_p7ftc0px_Carpaccio_jumbo.webp,https://unrealfilament.art/edition/#031,Carpaccio,Jumbo,Beads,Edition,31,Risacca,p7ftc0px
32,Broccato #032,"Broccato, Edition half of pair 032 of 250. Carpaccio — Venetian ceremony and the water that reflects it. Jumbo scale, thin, rendered deterministically from seed y0smkxtb. Its Twin is Canale: free to claim for whoever holds this piece.",filament_1777570103195_0063_y0smkxtb_Carpaccio_jumbo.webp,https://unrealfilament.art/edition/#032,Carpaccio,Jumbo,Thin,Edition,32,Canale,y0smkxtb
33,Vessillo #033,"Vessillo, Edition half of pair 033 of 250. Carpaccio — Venetian ceremony and the water that reflects it. Micro scale, beads, rendered deterministically from seed wddqvot4. Its Twin is Specchio: free to claim for whoever holds this piece.",filament_1777570137442_0087_wddqvot4_Carpaccio_micro.webp,https://unrealfilament.art/edition/#033,Carpaccio,Micro,Beads,Edition,33,Specchio,wddqvot4
34,Livrea #034,"Livrea, Edition half of pair 034 of 250. Carpaccio — Venetian ceremony and the water that reflects it. Medium scale, mixed-style, rendered deterministically from seed oa3zeu8k. Its Twin is Bacino: free to claim for whoever holds this piece.",filament_1777570194547_0009_oa3zeu8k_Carpaccio_medium.webp,https://unrealfilament.art/edition/#034,Carpaccio,Medium,Mixed-style,Edition,34,Bacino,oa3zeu8k
35,Manto #035,"Manto, Edition half of pair 035 of 250. Carpaccio — Venetian ceremony and the water that reflects it. Large scale, thin, rendered deterministically from seed last487p. Its Twin is Onda: free to claim for whoever holds this piece.",filament_1777570198501_0014_last487p_Carpaccio_large.webp,https://unrealfilament.art/edition/#035,Carpaccio,Large,Thin,Edition,35,Onda,last487p
36,Baldacchino #036,"Baldacchino, Edition half of pair 036 of 250. Carpaccio — Venetian ceremony and the water that reflects it. Jumbo scale, thin, rendered deterministically from seed 9xwzt48w. Its Twin is Corrente: free to claim for whoever holds this piece.",filament_1777666651277_0048_9xwzt48w_Carpaccio_jumbo.webp,https://unrealfilament.art/edition/#036,Carpaccio,Jumbo,Thin,Edition,36,Corrente,9xwzt48w
37,Seta #037,"Seta, Edition half of pair 037 of 250. Carpaccio — Venetian ceremony and the water that reflects it. Medium scale, thin, rendered deterministically from seed r78iear0. Its Twin is Schiuma: free to claim for whoever holds this piece.",filament_1777666825583_0035_r78iear0_Carpaccio_medium.webp,https://unrealfilament.art/edition/#037,Carpaccio,Medium,Thin,Edition,37,Schiuma,r78iear0
38,Insegna #038,"Insegna, Edition half of pair 038 of 250. Carpaccio — Venetian ceremony and the water that reflects it. Mixed scale, mixed-style, rendered deterministically from seed y3tnn8fk. Its Twin is Riverbero: free to claim for whoever holds this piece.",filament_1777666838201_0048_y3tnn8fk_Carpaccio_mixed.webp,https://unrealfilament.art/edition/#038,Carpaccio,Mixed,Mixed-style,Edition,38,Riverbero,y3tnn8fk
39,Ceralacca #039,"Ceralacca, Edition half of pair 039 of 250. Carpaccio — Venetian ceremony and the water that reflects it. Large scale, mixed-style, rendered deterministically from seed wu2n40v8. Its Twin is Fondale: free to claim for whoever holds this piece.",filament_1777667025808_0013_wu2n40v8_Carpaccio_large.webp,https://unrealfilament.art/edition/#039,Carpaccio,Large,Mixed-style,Edition,39,Fondale,wu2n40v8
40,Cinabro #040,"Cinabro, Edition half of pair 040 of 250. Carpaccio — Venetian ceremony and the water that reflects it. Jumbo scale, mixed-style, rendered deterministically from seed i9df45eb. Its Twin is Deriva: free to claim for whoever holds this piece.",filament_1777667051810_0007_i9df45eb_Carpaccio_jumbo.webp,https://unrealfilament.art/edition/#040,Carpaccio,Jumbo,Mixed-style,Edition,40,Deriva,i9df45eb
41,Scarlatto #041,"Scarlatto, Edition half of pair 041 of 250. Carpaccio — Venetian ceremony and the water that reflects it. Jumbo scale, mixed-style, rendered deterministically from seed rpltr6d1. Its Twin is Salsedine: free to claim for whoever holds this piece.",filament_1777667164816_0055_rpltr6d1_Carpaccio_jumbo.webp,https://unrealfilament.art/edition/#041,Carpaccio,Jumbo,Mixed-style,Edition,41,Salsedine,rpltr6d1
42,Velluto #042,"Velluto, Edition half of pair 042 of 250. Carpaccio — Venetian ceremony and the water that reflects it. Medium scale, mixed-style, rendered deterministically from seed jeivsnng. Its Twin is Bonaccia: free to claim for whoever holds this piece.",filament_1777667171819_0064_jeivsnng_Carpaccio_medium.webp,https://unrealfilament.art/edition/#042,Carpaccio,Medium,Mixed-style,Edition,42,Bonaccia,jeivsnng
43,Ricamo #043,"Ricamo, Edition half of pair 043 of 250. Carpaccio — Venetian ceremony and the water that reflects it. Mixed scale, mixed-style, rendered deterministically from seed 553wwefd. Its Twin is Frangente: free to claim for whoever holds this piece.",filament_1777667188326_0083_553wwefd_Carpaccio_mixed.webp,https://unrealfilament.art/edition/#043,Carpaccio,Mixed,Mixed-style,Edition,43,Frangente,553wwefd
44,Cordone #044,"Cordone, Edition half of pair 044 of 250. Carpaccio — Venetian ceremony and the water that reflects it. Large scale, mixed-style, rendered deterministically from seed fqvb27v2. Its Twin is Approdo: free to claim for whoever holds this piece.",filament_1777667190402_0085_fqvb27v2_Carpaccio_large.webp,https://unrealfilament.art/edition/#044,Carpaccio,Large,Mixed-style,Edition,44,Approdo,fqvb27v2
45,Crinale #045,"Crinale, Edition half of pair 045 of 250. Appennino — the ridge you stand on and the valley you stand in. Mixed scale, beads, rendered deterministically from seed 43xhph8q. Its Twin is Vallone: free to claim for whoever holds this piece.",filament_1777569255343_0001_43xhph8q_Appennino_mixed.webp,https://unrealfilament.art/edition/#045,Appennino,Mixed,Beads,Edition,45,Vallone,43xhph8q
46,Vetta #046,"Vetta, Edition half of pair 046 of 250. Appennino — the ridge you stand on and the valley you stand in. Jumbo scale, beads, rendered deterministically from seed fab0vj66. Its Twin is Conca: free to claim for whoever holds this piece.",filament_1777569597397_0098_fab0vj66_Appennino_jumbo.webp,https://unrealfilament.art/edition/#046,Appennino,Jumbo,Beads,Edition,46,Conca,fab0vj66
47,Dorsale #047,"Dorsale, Edition half of pair 047 of 250. Appennino — the ridge you stand on and the valley you stand in. Jumbo scale, beads, rendered deterministically from seed s489rkr4. Its Twin is Gola: free to claim for whoever holds this piece.",filament_1777569600431_0103_s489rkr4_Appennino_jumbo.webp,https://unrealfilament.art/edition/#047,Appennino,Jumbo,Beads,Edition,47,Gola,s489rkr4
48,Sperone #048,"Sperone, Edition half of pair 048 of 250. Appennino — the ridge you stand on and the valley you stand in. Jumbo scale, beads, rendered deterministically from seed u78jqwsz. Its Twin is Radura: free to claim for whoever holds this piece.",filament_1777569608050_0112_u78jqwsz_Appennino_jumbo.webp,https://unrealfilament.art/edition/#048,Appennino,Jumbo,Beads,Edition,48,Radura,u78jqwsz
49,Cima #049,"Cima, Edition half of pair 049 of 250. Appennino — the ridge you stand on and the valley you stand in. Jumbo scale, beads, rendered deterministically from seed xsxa459x. Its Twin is Piana: free to claim for whoever holds this piece.",filament_1777569622473_0136_xsxa459x_Appennino_jumbo.webp,https://unrealfilament.art/edition/#049,Appennino,Jumbo,Beads,Edition,49,Piana,xsxa459x
50,Costone #050,"Costone, Edition half of pair 050 of 250. Appennino — the ridge you stand on and the valley you stand in. Jumbo scale, beads, rendered deterministically from seed j62j1opp. Its Twin is Forra: free to claim for whoever holds this piece.",filament_1777569626868_0142_j62j1opp_Appennino_jumbo.webp,https://unrealfilament.art/edition/#050,Appennino,Jumbo,Beads,Edition,50,Forra,j62j1opp
51,Guglia #051,"Guglia, Edition half of pair 051 of 250. Appennino — the ridge you stand on and the valley you stand in. Medium scale, thin, rendered deterministically from seed uq16veof. Its Twin is Sella: free to claim for whoever holds this piece.",filament_1777570047538_0013_uq16veof_Appennino_medium.webp,https://unrealfilament.art/edition/#051,Appennino,Medium,Thin,Edition,51,Sella,uq16veof
52,Roccia #052,"Roccia, Edition half of pair 052 of 250. Appennino — the ridge you stand on and the valley you stand in. Mixed scale, beads, rendered deterministically from seed smbcycqp. Its Twin is Pascolo: free to claim for whoever holds this piece.",filament_1777570134462_0085_smbcycqp_Appennino_mixed.webp,https://unrealfilament.art/edition/#052,Appennino,Mixed,Beads,Edition,52,Pascolo,smbcycqp
53,Ghiaione #053,"Ghiaione, Edition half of pair 053 of 250. Appennino — the ridge you stand on and the valley you stand in. Micro scale, mixed-style, rendered deterministically from seed 70al60ai. Its Twin is Sorgente: free to claim for whoever holds this piece.",filament_1777570304581_0072_70al60ai_Appennino_micro.webp,https://unrealfilament.art/edition/#053,Appennino,Micro,Mixed-style,Edition,53,Sorgente,70al60ai
54,Massiccio #054,"Massiccio, Edition half of pair 054 of 250. Appennino — the ridge you stand on and the valley you stand in. Mixed scale, mixed-style, rendered deterministically from seed mvamik91. Its Twin is Valico: free to claim for whoever holds this piece.",filament_1777570347076_0095_mvamik91_Appennino_mixed.webp,https://unrealfilament.art/edition/#054,Appennino,Mixed,Mixed-style,Edition,54,Valico,mvamik91
55,Pietraia #055,"Pietraia, Edition half of pair 055 of 250. Appennino — the ridge you stand on and the valley you stand in. Medium scale, beads, rendered deterministically from seed x9iw1cj4. Its Twin is Faggeta: free to claim for whoever holds this piece.",filament_1777666610513_0005_x9iw1cj4_Appennino_medium.webp,https://unrealfilament.art/edition/#055,Appennino,Medium,Beads,Edition,55,Faggeta,x9iw1cj4
56,Balza #056,"Balza, Edition half of pair 056 of 250. Appennino — the ridge you stand on and the valley you stand in. Medium scale, mixed-style, rendered deterministically from seed ln1y1nzd. Its Twin is Alpeggio: free to claim for whoever holds this piece.",filament_1777666794729_0001_ln1y1nzd_Appennino_medium.webp,https://unrealfilament.art/edition/#056,Appennino,Medium,Mixed-style,Edition,56,Alpeggio,ln1y1nzd
57,Cengia #057,"Cengia, Edition half of pair 057 of 250. Appennino — the ridge you stand on and the valley you stand in. Medium scale, beads, rendered deterministically from seed zyk5fn5r. Its Twin is Vallata: free to claim for whoever holds this piece.",filament_1777666802843_0009_zyk5fn5r_Appennino_medium.webp,https://unrealfilament.art/edition/#057,Appennino,Medium,Beads,Edition,57,Vallata,zyk5fn5r
58,Pinnacolo #058,"Pinnacolo, Edition half of pair 058 of 250. Appennino — the ridge you stand on and the valley you stand in. Large scale, mixed-style, rendered deterministically from seed y2xna7is. Its Twin is Fondovalle: free to claim for whoever holds this piece.",filament_1777667034669_0005_y2xna7is_Appennino_large.webp,https://unrealfilament.art/edition/#058,Appennino,Large,Mixed-style,Edition,58,Fondovalle,y2xna7is
59,Scarpata #059,"Scarpata, Edition half of pair 059 of 250. Appennino — the ridge you stand on and the valley you stand in. Jumbo scale, mixed-style, rendered deterministically from seed 4m5osk7f. Its Twin is Greto: free to claim for whoever holds this piece.",filament_1777667077699_0034_4m5osk7f_Appennino_jumbo.webp,https://unrealfilament.art/edition/#059,Appennino,Jumbo,Mixed-style,Edition,59,Greto,4m5osk7f
60,Mezzanotte #060,"Mezzanotte, Edition half of pair 060 of 250. Notturno — night, and the first light that ends it. Mixed scale, thin, rendered deterministically from seed zvm9tfiz. Its Twin is Aurora: free to claim for whoever holds this piece.",filament_1777568369497_0001_zvm9tfiz_Notturno_mixed.webp,https://unrealfilament.art/edition/#060,Notturno,Mixed,Thin,Edition,60,Aurora,zvm9tfiz
61,Buio #061,"Buio, Edition half of pair 061 of 250. Notturno — night, and the first light that ends it. Jumbo scale, beads, rendered deterministically from seed zo8k4yfx. Its Twin is Barlume: free to claim for whoever holds this piece.",filament_1777569327981_0012_zo8k4yfx_Notturno_jumbo.webp,https://unrealfilament.art/edition/#061,Notturno,Jumbo,Beads,Edition,61,Barlume,zo8k4yfx
62,Tenebra #062,"Tenebra, Edition half of pair 062 of 250. Notturno — night, and the first light that ends it. Medium scale, beads, rendered deterministically from seed fnu89i92. Its Twin is Albore: free to claim for whoever holds this piece.",filament_1777570052990_0017_fnu89i92_Notturno_medium.webp,https://unrealfilament.art/edition/#062,Notturno,Medium,Beads,Edition,62,Albore,fnu89i92
63,Nottola #063,"Nottola, Edition half of pair 063 of 250. Notturno — night, and the first light that ends it. Large scale, beads, rendered deterministically from seed sd8ekdjg. Its Twin is Allodola: free to claim for whoever holds this piece.",filament_1777666641739_0038_sd8ekdjg_Notturno_large.webp,https://unrealfilament.art/edition/#063,Notturno,Large,Beads,Edition,63,Allodola,sd8ekdjg
64,Plenilunio #064,"Plenilunio, Edition half of pair 064 of 250. Notturno — night, and the first light that ends it. Large scale, mixed-style, rendered deterministically from seed qoeamcbm. Its Twin is Mattutino: free to claim for whoever holds this piece.",filament_1777666806352_0013_qoeamcbm_Notturno_large.webp,https://unrealfilament.art/edition/#064,Notturno,Large,Mixed-style,Edition,64,Mattutino,qoeamcbm
65,Veglia #065,"Veglia, Edition half of pair 065 of 250. Notturno — night, and the first light that ends it. Medium scale, mixed-style, rendered deterministically from seed l650oczj. Its Twin is Risveglio: free to claim for whoever holds this piece.",filament_1777666819262_0028_l650oczj_Notturno_medium.webp,https://unrealfilament.art/edition/#065,Notturno,Medium,Mixed-style,Edition,65,Risveglio,l650oczj
66,Astro #066,"Astro, Edition half of pair 066 of 250. Notturno — night, and the first light that ends it. Medium scale, mixed-style, rendered deterministically from seed zd7dtu2f. Its Twin is Rugiada: free to claim for whoever holds this piece.",filament_1777667194090_0089_zd7dtu2f_Notturno_medium.webp,https://unrealfilament.art/edition/#066,Notturno,Medium,Mixed-style,Edition,66,Rugiada,zd7dtu2f
67,Prospettiva #067,"Prospettiva, Edition half of pair 067 of 250. Piero — measure first, then light. Jumbo scale, mixed-style, rendered deterministically from seed 6ymmxau5. Its Twin is Aureola: free to claim for whoever holds this piece.",filament_1777568402446_0005_6ymmxau5_Piero_jumbo.webp,https://unrealfilament.art/edition/#067,Piero,Jumbo,Mixed-style,Edition,67,Aureola,6ymmxau5
68,Compasso #068,"Compasso, Edition half of pair 068 of 250. Piero — measure first, then light. Jumbo scale, beads, rendered deterministically from seed 04q5qjoe. Its Twin is Bagliore: free to claim for whoever holds this piece.",filament_1777569572138_0057_04q5qjoe_Piero_jumbo.webp,https://unrealfilament.art/edition/#068,Piero,Jumbo,Beads,Edition,68,Bagliore,04q5qjoe
69,Squadra #069,"Squadra, Edition half of pair 069 of 250. Piero — measure first, then light. Jumbo scale, beads, rendered deterministically from seed ws4adz66. Its Twin is Nimbo: free to claim for whoever holds this piece.",filament_1777569581406_0072_ws4adz66_Piero_jumbo.webp,https://unrealfilament.art/edition/#069,Piero,Jumbo,Beads,Edition,69,Nimbo,ws4adz66
70,Piombino #070,"Piombino, Edition half of pair 070 of 250. Piero — measure first, then light. Medium scale, mixed-style, rendered deterministically from seed 69qtment. Its Twin is Splendore: free to claim for whoever holds this piece.",filament_1777666827421_0037_69qtment_Piero_medium.webp,https://unrealfilament.art/edition/#070,Piero,Medium,Mixed-style,Edition,70,Splendore,69qtment
71,Volume #071,"Volume, Edition half of pair 071 of 250. Piero — measure first, then light. Mixed scale, mixed-style, rendered deterministically from seed sxyat72i. Its Twin is Trasparenza: free to claim for whoever holds this piece.",filament_1777667076367_0032_sxyat72i_Piero_mixed.webp,https://unrealfilament.art/edition/#071,Piero,Mixed,Mixed-style,Edition,71,Trasparenza,sxyat72i
72,Sinopia #072,"Sinopia, Edition half of pair 072 of 250. Piero — measure first, then light. Medium scale, mixed-style, rendered deterministically from seed 3w8hf6d4. Its Twin is Incarnato: free to claim for whoever holds this piece.",filament_1777667133652_0023_3w8hf6d4_Piero_medium.webp,https://unrealfilament.art/edition/#072,Piero,Medium,Mixed-style,Edition,72,Incarnato,3w8hf6d4
73,Modulo #073,"Modulo, Edition half of pair 073 of 250. Piero — measure first, then light. Large scale, mixed-style, rendered deterministically from seed 089hg65o. Its Twin is Alone: free to claim for whoever holds this piece.",filament_1777667216271_0117_089hg65o_Piero_large.webp,https://unrealfilament.art/edition/#073,Piero,Large,Mixed-style,Edition,73,Alone,089hg65o
74,Simmetria #074,"Simmetria, Edition half of pair 074 of 250. Piero — measure first, then light. Mixed scale, mixed-style, rendered deterministically from seed k6087fp1. Its Twin is Controluce: free to claim for whoever holds this piece.",filament_1777667235966_0138_k6087fp1_Piero_mixed.webp,https://unrealfilament.art/edition/#074,Piero,Mixed,Mixed-style,Edition,74,Controluce,k6087fp1
75,Collina #075,"Collina, Edition half of pair 075 of 250. Marche — hills running straight into the Adriatic. Jumbo scale, beads, rendered deterministically from seed qop0f6kz. Its Twin is Scogliera: free to claim for whoever holds this piece.",filament_1777569319074_0005_qop0f6kz_Marche_jumbo.webp,https://unrealfilament.art/edition/#075,Marche,Jumbo,Beads,Edition,75,Scogliera,qop0f6kz
76,Podere #076,"Podere, Edition half of pair 076 of 250. Marche — hills running straight into the Adriatic. Jumbo scale, beads, rendered deterministically from seed avxv9a62. Its Twin is Battigia: free to claim for whoever holds this piece.",filament_1777569530054_0001_avxv9a62_Marche_jumbo.webp,https://unrealfilament.art/edition/#076,Marche,Jumbo,Beads,Edition,76,Battigia,avxv9a62
77,Filare #077,"Filare, Edition half of pair 077 of 250. Marche — hills running straight into the Adriatic. Micro scale, mixed-style, rendered deterministically from seed nkn8iaa3. Its Twin is Molo: free to claim for whoever holds this piece.",filament_1777570148645_0093_nkn8iaa3_Marche_micro.webp,https://unrealfilament.art/edition/#077,Marche,Micro,Mixed-style,Edition,77,Molo,nkn8iaa3
78,Grano #078,"Grano, Edition half of pair 078 of 250. Marche — hills running straight into the Adriatic. Small scale, beads, rendered deterministically from seed qeu6og1d. Its Twin is Sale: free to claim for whoever holds this piece.",filament_1777570274142_0054_qeu6og1d_Marche_small.webp,https://unrealfilament.art/edition/#078,Marche,Small,Beads,Edition,78,Sale,qeu6og1d
79,Aia #079,"Aia, Edition half of pair 079 of 250. Marche — hills running straight into the Adriatic. Mixed scale, beads, rendered deterministically from seed c1d3uupv. Its Twin is Duna: free to claim for whoever holds this piece.",filament_1777666622737_0018_c1d3uupv_Marche_mixed.webp,https://unrealfilament.art/edition/#079,Marche,Mixed,Beads,Edition,79,Duna,c1d3uupv
80,Solco #080,"Solco, Edition half of pair 080 of 250. Marche — hills running straight into the Adriatic. Mixed scale, mixed-style, rendered deterministically from seed 1v19ad3z. Its Twin is Boa: free to claim for whoever holds this piece.",filament_1777667078601_0035_1v19ad3z_Marche_mixed.webp,https://unrealfilament.art/edition/#080,Marche,Mixed,Mixed-style,Edition,80,Boa,1v19ad3z
81,Vigneto #081,"Vigneto, Edition half of pair 081 of 250. Marche — hills running straight into the Adriatic. Mixed scale, mixed-style, rendered deterministically from seed f0jvqguk. Its Twin is Faro: free to claim for whoever holds this piece.",filament_1777667136375_0026_f0jvqguk_Marche_mixed.webp,https://unrealfilament.art/edition/#081,Marche,Mixed,Mixed-style,Edition,81,Faro,f0jvqguk
82,Uliveto #082,"Uliveto, Edition half of pair 082 of 250. Marche — hills running straight into the Adriatic. Mixed scale, mixed-style, rendered deterministically from seed ancolutg. Its Twin is Vela: free to claim for whoever holds this piece.",filament_1777667140039_0030_ancolutg_Marche_mixed.webp,https://unrealfilament.art/edition/#082,Marche,Mixed,Mixed-style,Edition,82,Vela,ancolutg
83,Stoppia #083,"Stoppia, Edition half of pair 083 of 250. Marche — hills running straight into the Adriatic. Medium scale, mixed-style, rendered deterministically from seed 68l05il2. Its Twin is Conchiglia: free to claim for whoever holds this piece.",filament_1777667189522_0084_68l05il2_Marche_medium.webp,https://unrealfilament.art/edition/#083,Marche,Medium,Mixed-style,Edition,83,Conchiglia,68l05il2
84,Casolare #084,"Casolare, Edition half of pair 084 of 250. Marche — hills running straight into the Adriatic. Medium scale, mixed-style, rendered deterministically from seed c4hrxi8p. Its Twin is Scoglio: free to claim for whoever holds this piece.",filament_1777667211380_0110_c4hrxi8p_Marche_medium.webp,https://unrealfilament.art/edition/#084,Marche,Medium,Mixed-style,Edition,84,Scoglio,c4hrxi8p
85,Porto #085,"Porto, Edition half of pair 085 of 250. Pesaro — the harbour and the open water past it. Small scale, mixed-style, rendered deterministically from seed v6z0qjq6. Its Twin is Largo: free to claim for whoever holds this piece.",filament_1777568371123_0002_v6z0qjq6_Pesaro_small.webp,https://unrealfilament.art/edition/#085,Pesaro,Small,Mixed-style,Edition,85,Largo,v6z0qjq6
86,Darsena #086,"Darsena, Edition half of pair 086 of 250. Pesaro — the harbour and the open water past it. Jumbo scale, beads, rendered deterministically from seed bcx67x7x. Its Twin is Altura: free to claim for whoever holds this piece.",filament_1777569579079_0068_bcx67x7x_Pesaro_jumbo.webp,https://unrealfilament.art/edition/#086,Pesaro,Jumbo,Beads,Edition,86,Altura,bcx67x7x
87,Banchina #087,"Banchina, Edition half of pair 087 of 250. Pesaro — the harbour and the open water past it. Jumbo scale, beads, rendered deterministically from seed pep8fv7p. Its Twin is Orizzonte: free to claim for whoever holds this piece.",filament_1777569591931_0089_pep8fv7p_Pesaro_jumbo.webp,https://unrealfilament.art/edition/#087,Pesaro,Jumbo,Beads,Edition,87,Orizzonte,pep8fv7p
88,Gomena #088,"Gomena, Edition half of pair 088 of 250. Pesaro — the harbour and the open water past it. Jumbo scale, beads, rendered deterministically from seed qvfykvxc. Its Twin is Rotta: free to claim for whoever holds this piece.",filament_1777569595008_0094_qvfykvxc_Pesaro_jumbo.webp,https://unrealfilament.art/edition/#088,Pesaro,Jumbo,Beads,Edition,88,Rotta,qvfykvxc
89,Ancora #089,"Ancora, Edition half of pair 089 of 250. Pesaro — the harbour and the open water past it. Jumbo scale, beads, rendered deterministically from seed gtlknsu0. Its Twin is Andante: free to claim for whoever holds this piece.",filament_1777569659337_0195_gtlknsu0_Pesaro_jumbo.webp,https://unrealfilament.art/edition/#089,Pesaro,Jumbo,Beads,Edition,89,Andante,gtlknsu0
90,Bitta #090,"Bitta, Edition half of pair 090 of 250. Pesaro — the harbour and the open water past it. Small scale, mixed-style, rendered deterministically from seed nsevur0w. Its Twin is Traversata: free to claim for whoever holds this piece.",filament_1777570057379_0020_nsevur0w_Pesaro_small.webp,https://unrealfilament.art/edition/#090,Pesaro,Small,Mixed-style,Edition,90,Traversata,nsevur0w
91,Fanale #091,"Fanale, Edition half of pair 091 of 250. Pesaro — the harbour and the open water past it. Micro scale, mixed-style, rendered deterministically from seed o3p7797k. Its Twin is Miraggio: free to claim for whoever holds this piece.",filament_1777570094625_0054_o3p7797k_Pesaro_micro.webp,https://unrealfilament.art/edition/#091,Pesaro,Micro,Mixed-style,Edition,91,Miraggio,o3p7797k
92,Pontile #092,"Pontile, Edition half of pair 092 of 250. Pesaro — the harbour and the open water past it. Small scale, mixed-style, rendered deterministically from seed yvwa5q53. Its Twin is Maestrale: free to claim for whoever holds this piece.",filament_1777570121372_0075_yvwa5q53_Pesaro_small.webp,https://unrealfilament.art/edition/#092,Pesaro,Small,Mixed-style,Edition,92,Maestrale,yvwa5q53
93,Sartiame #093,"Sartiame, Edition half of pair 093 of 250. Pesaro — the harbour and the open water past it. Mixed scale, mixed-style, rendered deterministically from seed 64er211n. Its Twin is Libeccio: free to claim for whoever holds this piece.",filament_1777570152747_0095_64er211n_Pesaro_mixed.webp,https://unrealfilament.art/edition/#093,Pesaro,Mixed,Mixed-style,Edition,93,Libeccio,64er211n
94,Chiglia #094,"Chiglia, Edition half of pair 094 of 250. Pesaro — the harbour and the open water past it. Small scale, beads, rendered deterministically from seed 3pio8nvg. Its Twin is Scirocco: free to claim for whoever holds this piece.",filament_1777570301015_0071_3pio8nvg_Pesaro_small.webp,https://unrealfilament.art/edition/#094,Pesaro,Small,Beads,Edition,94,Scirocco,3pio8nvg
95,Timone #095,"Timone, Edition half of pair 095 of 250. Pesaro — the harbour and the open water past it. Large scale, mixed-style, rendered deterministically from seed dbb14hgu. Its Twin is Grecale: free to claim for whoever holds this piece.",filament_1777666807149_0014_dbb14hgu_Pesaro_large.webp,https://unrealfilament.art/edition/#095,Pesaro,Large,Mixed-style,Edition,95,Grecale,dbb14hgu
96,Prua #096,"Prua, Edition half of pair 096 of 250. Pesaro — the harbour and the open water past it. Jumbo scale, beads, rendered deterministically from seed rlhz5orn. Its Twin is Poppa: free to claim for whoever holds this piece.",filament_1777666817673_0026_rlhz5orn_Pesaro_jumbo.webp,https://unrealfilament.art/edition/#096,Pesaro,Jumbo,Beads,Edition,96,Poppa,rlhz5orn
97,Alberatura #097,"Alberatura, Edition half of pair 097 of 250. Pesaro — the harbour and the open water past it. Mixed scale, mixed-style, rendered deterministically from seed hsoui2ms. Its Twin is Tramontana: free to claim for whoever holds this piece.",filament_1777667084308_0041_hsoui2ms_Pesaro_mixed.webp,https://unrealfilament.art/edition/#097,Pesaro,Mixed,Mixed-style,Edition,97,Tramontana,hsoui2ms
98,Stiva #098,"Stiva, Edition half of pair 098 of 250. Pesaro — the harbour and the open water past it. Mixed scale, mixed-style, rendered deterministically from seed skdvqete. Its Twin is Coperta: free to claim for whoever holds this piece.",filament_1777667091585_0047_skdvqete_Pesaro_mixed.webp,https://unrealfilament.art/edition/#098,Pesaro,Mixed,Mixed-style,Edition,98,Coperta,skdvqete
99,Ormeggio #099,"Ormeggio, Edition half of pair 099 of 250. Pesaro — the harbour and the open water past it. Medium scale, mixed-style, rendered deterministically from seed wlwk3qgz. Its Twin is Rada: free to claim for whoever holds this piece.",filament_1777667093497_0049_wlwk3qgz_Pesaro_medium.webp,https://unrealfilament.art/edition/#099,Pesaro,Medium,Mixed-style,Edition,99,Rada,wlwk3qgz
100,Scalo #100,"Scalo, Edition half of pair 100 of 250. Pesaro — the harbour and the open water past it. Medium scale, mixed-style, rendered deterministically from seed w5am3pr8. Its Twin is Sestante: free to claim for whoever holds this piece.",filament_1777667150718_0043_w5am3pr8_Pesaro_medium.webp,https://unrealfilament.art/edition/#100,Pesaro,Medium,Mixed-style,Edition,100,Sestante,w5am3pr8
101,Cala #101,"Cala, Edition half of pair 101 of 250. Pesaro — the harbour and the open water past it. Mixed scale, mixed-style, rendered deterministically from seed lnhtmbl2. Its Twin is Bussola: free to claim for whoever holds this piece.",filament_1777667215545_0116_lnhtmbl2_Pesaro_mixed.webp,https://unrealfilament.art/edition/#101,Pesaro,Mixed,Mixed-style,Edition,101,Bussola,lnhtmbl2
102,Lanterna #102,"Lanterna, Edition half of pair 102 of 250. Pesaro — the harbour and the open water past it. Mixed scale, mixed-style, rendered deterministically from seed 71y9n6t8. Its Twin is Astrolabio: free to claim for whoever holds this piece.",filament_1777667227569_0129_71y9n6t8_Pesaro_mixed.webp,https://unrealfilament.art/edition/#102,Pesaro,Mixed,Mixed-style,Edition,102,Astrolabio,71y9n6t8
103,Pagina #103,"Pagina, Edition half of pair 103 of 250. Foglio — the sheet of paper and the leaf it was named for. Large scale, beads, rendered deterministically from seed 4vdp99tz. Its Twin is Fronda: free to claim for whoever holds this piece.",filament_1777569192497_0009_4vdp99tz_Foglio_large.webp,https://unrealfilament.art/edition/#103,Foglio,Large,Beads,Edition,103,Fronda,4vdp99tz
104,Quaderno #104,"Quaderno, Edition half of pair 104 of 250. Foglio — the sheet of paper and the leaf it was named for. Mixed scale, beads, rendered deterministically from seed s89hkfbp. Its Twin is Germoglio: free to claim for whoever holds this piece.",filament_1777569263788_0008_s89hkfbp_Foglio_mixed.webp,https://unrealfilament.art/edition/#104,Foglio,Mixed,Beads,Edition,104,Germoglio,s89hkfbp
105,Inchiostro #105,"Inchiostro, Edition half of pair 105 of 250. Foglio — the sheet of paper and the leaf it was named for. Jumbo scale, beads, rendered deterministically from seed z2s3897v. Its Twin is Linfa: free to claim for whoever holds this piece.",filament_1777569621064_0134_z2s3897v_Foglio_jumbo.webp,https://unrealfilament.art/edition/#105,Foglio,Jumbo,Beads,Edition,105,Linfa,z2s3897v
106,Pergamena #106,"Pergamena, Edition half of pair 106 of 250. Foglio — the sheet of paper and the leaf it was named for. Jumbo scale, beads, rendered deterministically from seed 8hbrv84a. Its Twin is Corteccia: free to claim for whoever holds this piece.",filament_1777569631266_0149_8hbrv84a_Foglio_jumbo.webp,https://unrealfilament.art/edition/#106,Foglio,Jumbo,Beads,Edition,106,Corteccia,8hbrv84a
107,Carta #107,"Carta, Edition half of pair 107 of 250. Foglio — the sheet of paper and the leaf it was named for. Jumbo scale, beads, rendered deterministically from seed ubyuf2um. Its Twin is Ramoscello: free to claim for whoever holds this piece.",filament_1777569653816_0185_ubyuf2um_Foglio_jumbo.webp,https://unrealfilament.art/edition/#107,Foglio,Jumbo,Beads,Edition,107,Ramoscello,ubyuf2um
108,Filigrana #108,"Filigrana, Edition half of pair 108 of 250. Foglio — the sheet of paper and the leaf it was named for. Jumbo scale, beads, rendered deterministically from seed 665udtvz. Its Twin is Nervatura: free to claim for whoever holds this piece.",filament_1777569657777_0192_665udtvz_Foglio_jumbo.webp,https://unrealfilament.art/edition/#108,Foglio,Jumbo,Beads,Edition,108,Nervatura,665udtvz
109,Piega #109,"Piega, Edition half of pair 109 of 250. Foglio — the sheet of paper and the leaf it was named for. Jumbo scale, beads, rendered deterministically from seed 7bbdf87z. Its Twin is Picciolo: free to claim for whoever holds this piece.",filament_1777569920402_0010_7bbdf87z_Foglio_jumbo.webp,https://unrealfilament.art/edition/#109,Foglio,Jumbo,Beads,Edition,109,Picciolo,7bbdf87z
110,Margine #110,"Margine, Edition half of pair 110 of 250. Foglio — the sheet of paper and the leaf it was named for. Micro scale, beads, rendered deterministically from seed 82uhzigo. Its Twin is Radice: free to claim for whoever holds this piece.",filament_1777570051397_0015_82uhzigo_Foglio_micro.webp,https://unrealfilament.art/edition/#110,Foglio,Micro,Beads,Edition,110,Radice,82uhzigo
111,Postilla #111,"Postilla, Edition half of pair 111 of 250. Foglio — the sheet of paper and the leaf it was named for. Mixed scale, thin, rendered deterministically from seed qd2o5p3l. Its Twin is Gemma: free to claim for whoever holds this piece.",filament_1777570055815_0019_qd2o5p3l_Foglio_mixed.webp,https://unrealfilament.art/edition/#111,Foglio,Mixed,Thin,Edition,111,Gemma,qd2o5p3l
112,Rigo #112,"Rigo, Edition half of pair 112 of 250. Foglio — the sheet of paper and the leaf it was named for. Medium scale, mixed-style, rendered deterministically from seed olfp7twr. Its Twin is Stelo: free to claim for whoever holds this piece.",filament_1777570088131_0052_olfp7twr_Foglio_medium.webp,https://unrealfilament.art/edition/#112,Foglio,Medium,Mixed-style,Edition,112,Stelo,olfp7twr
113,Frontespizio #113,"Frontespizio, Edition half of pair 113 of 250. Foglio — the sheet of paper and the leaf it was named for. Mixed scale, beads, rendered deterministically from seed s3i0fqia. Its Twin is Chioma: free to claim for whoever holds this piece.",filament_1777570220130_0033_s3i0fqia_Foglio_mixed.webp,https://unrealfilament.art/edition/#113,Foglio,Mixed,Beads,Edition,113,Chioma,s3i0fqia
114,Legatura #114,"Legatura, Edition half of pair 114 of 250. Foglio — the sheet of paper and the leaf it was named for. Small scale, beads, rendered deterministically from seed p7up9zer. Its Twin is Viticcio: free to claim for whoever holds this piece.",filament_1777570263729_0049_p7up9zer_Foglio_small.webp,https://unrealfilament.art/edition/#114,Foglio,Small,Beads,Edition,114,Viticcio,p7up9zer
115,Segnalibro #115,"Segnalibro, Edition half of pair 115 of 250. Foglio — the sheet of paper and the leaf it was named for. Micro scale, mixed-style, rendered deterministically from seed i9bnjqtx. Its Twin is Petalo: free to claim for whoever holds this piece.",filament_1777570348766_0096_i9bnjqtx_Foglio_micro.webp,https://unrealfilament.art/edition/#115,Foglio,Micro,Mixed-style,Edition,115,Petalo,i9bnjqtx
116,Cartiglio #116,"Cartiglio, Edition half of pair 116 of 250. Foglio — the sheet of paper and the leaf it was named for. Medium scale, mixed-style, rendered deterministically from seed uk1ez4hm. Its Twin is Baccello: free to claim for whoever holds this piece.",filament_1777666621031_0016_uk1ez4hm_Foglio_medium.webp,https://unrealfilament.art/edition/#116,Foglio,Medium,Mixed-style,Edition,116,Baccello,uk1ez4hm
117,Manoscritto #117,"Manoscritto, Edition half of pair 117 of 250. Foglio — the sheet of paper and the leaf it was named for. Large scale, thin, rendered deterministically from seed 78gx48v0. Its Twin is Seme: free to claim for whoever holds this piece.",filament_1777666796303_0003_78gx48v0_Foglio_large.webp,https://unrealfilament.art/edition/#117,Foglio,Large,Thin,Edition,117,Seme,78gx48v0
118,Codice #118,"Codice, Edition half of pair 118 of 250. Foglio — the sheet of paper and the leaf it was named for. Mixed scale, mixed-style, rendered deterministically from seed ahjmgz9h. Its Twin is Innesto: free to claim for whoever holds this piece.",filament_1777667036965_0008_ahjmgz9h_Foglio_mixed.webp,https://unrealfilament.art/edition/#118,Foglio,Mixed,Mixed-style,Edition,118,Innesto,ahjmgz9h
119,Vergatura #119,"Vergatura, Edition half of pair 119 of 250. Foglio — the sheet of paper and the leaf it was named for. Large scale, mixed-style, rendered deterministically from seed oce091un. Its Twin is Venatura: free to claim for whoever holds this piece.",filament_1777667077134_0033_oce091un_Foglio_large.webp,https://unrealfilament.art/edition/#119,Foglio,Large,Mixed-style,Edition,119,Venatura,oce091un
120,Bozza #120,"Bozza, Edition half of pair 120 of 250. Foglio — the sheet of paper and the leaf it was named for. Jumbo scale, mixed-style, rendered deterministically from seed uryqm3dl. Its Twin is Pollone: free to claim for whoever holds this piece.",filament_1777667195736_0091_uryqm3dl_Foglio_jumbo.webp,https://unrealfilament.art/edition/#120,Foglio,Jumbo,Mixed-style,Edition,120,Pollone,uryqm3dl
121,Cancellatura #121,"Cancellatura, Edition half of pair 121 of 250. Foglio — the sheet of paper and the leaf it was named for. Mixed scale, mixed-style, rendered deterministically from seed ysn6e8cr. Its Twin is Verzura: free to claim for whoever holds this piece.",filament_1777667198626_0094_ysn6e8cr_Foglio_mixed.webp,https://unrealfilament.art/edition/#121,Foglio,Mixed,Mixed-style,Edition,121,Verzura,ysn6e8cr
122,Timbro #122,"Timbro, Edition half of pair 122 of 250. Foglio — the sheet of paper and the leaf it was named for. Jumbo scale, mixed-style, rendered deterministically from seed vy8w8lsz. Its Twin is Talea: free to claim for whoever holds this piece.",filament_vy8w8lsz_Foglio_jumbo.webp,https://unrealfilament.art/edition/#122,Foglio,Jumbo,Mixed-style,Edition,122,Talea,vy8w8lsz
123,Cartone #123,"Cartone, Edition half of pair 123 of 250. Raffaello — the drawing underneath and the colour laid over it. Large scale, beads, rendered deterministically from seed 6ey394is. Its Twin is Velatura: free to claim for whoever holds this piece.",filament_1777569190303_0008_6ey394is_Raffaello_large.webp,https://unrealfilament.art/edition/#123,Raffaello,Large,Beads,Edition,123,Velatura,6ey394is
124,Sanguigna #124,"Sanguigna, Edition half of pair 124 of 250. Raffaello — the drawing underneath and the colour laid over it. Mixed scale, beads, rendered deterministically from seed y32llf0f. Its Twin is Rosato: free to claim for whoever holds this piece.",filament_1777569269423_0014_y32llf0f_Raffaello_mixed.webp,https://unrealfilament.art/edition/#124,Raffaello,Mixed,Beads,Edition,124,Rosato,y32llf0f
125,Spolvero #125,"Spolvero, Edition half of pair 125 of 250. Raffaello — the drawing underneath and the colour laid over it. Large scale, beads, rendered deterministically from seed id3v5j71. Its Twin is Sfumato: free to claim for whoever holds this piece.",filament_1777569272139_0016_id3v5j71_Raffaello_large.webp,https://unrealfilament.art/edition/#125,Raffaello,Large,Beads,Edition,125,Sfumato,id3v5j71
126,Contorno #126,"Contorno, Edition half of pair 126 of 250. Raffaello — the drawing underneath and the colour laid over it. Mixed scale, beads, rendered deterministically from seed m6d9qvdt. Its Twin is Impasto: free to claim for whoever holds this piece.",filament_1777569274966_0018_m6d9qvdt_Raffaello_mixed.webp,https://unrealfilament.art/edition/#126,Raffaello,Mixed,Beads,Edition,126,Impasto,m6d9qvdt
127,Schizzo #127,"Schizzo, Edition half of pair 127 of 250. Raffaello — the drawing underneath and the colour laid over it. Jumbo scale, beads, rendered deterministically from seed kld9rq81. Its Twin is Lacca: free to claim for whoever holds this piece.",filament_1777569632543_0151_kld9rq81_Raffaello_jumbo.webp,https://unrealfilament.art/edition/#127,Raffaello,Jumbo,Beads,Edition,127,Lacca,kld9rq81
128,Tratto #128,"Tratto, Edition half of pair 128 of 250. Raffaello — the drawing underneath and the colour laid over it. Jumbo scale, beads, rendered deterministically from seed bf02y45p. Its Twin is Tinta: free to claim for whoever holds this piece.",filament_1777569655139_0187_bf02y45p_Raffaello_jumbo.webp,https://unrealfilament.art/edition/#128,Raffaello,Jumbo,Beads,Edition,128,Tinta,bf02y45p
129,Stilo #129,"Stilo, Edition half of pair 129 of 250. Raffaello — the drawing underneath and the colour laid over it. Jumbo scale, thin, rendered deterministically from seed eg1ezvyc. Its Twin is Guazzo: free to claim for whoever holds this piece.",filament_1777570046079_0011_eg1ezvyc_Raffaello_jumbo.webp,https://unrealfilament.art/edition/#129,Raffaello,Jumbo,Thin,Edition,129,Guazzo,eg1ezvyc
130,Modello #130,"Modello, Edition half of pair 130 of 250. Raffaello — the drawing underneath and the colour laid over it. Mixed scale, beads, rendered deterministically from seed 4hlsd48w. Its Twin is Vermiglio: free to claim for whoever holds this piece.",filament_1777666797775_0004_4hlsd48w_Raffaello_mixed.webp,https://unrealfilament.art/edition/#130,Raffaello,Mixed,Beads,Edition,130,Vermiglio,4hlsd48w
131,Studio #131,"Studio, Edition half of pair 131 of 250. Raffaello — the drawing underneath and the colour laid over it. Jumbo scale, thin, rendered deterministically from seed 0qqmif4w. Its Twin is Oltremare: free to claim for whoever holds this piece.",filament_1777666809475_0017_0qqmif4w_Raffaello_jumbo.webp,https://unrealfilament.art/edition/#131,Raffaello,Jumbo,Thin,Edition,131,Oltremare,0qqmif4w
132,Panneggio #132,"Panneggio, Edition half of pair 132 of 250. Raffaello — the drawing underneath and the colour laid over it. Medium scale, beads, rendered deterministically from seed grw4f784. Its Twin is Minio: free to claim for whoever holds this piece.",filament_1777666826559_0036_grw4f784_Raffaello_medium.webp,https://unrealfilament.art/edition/#132,Raffaello,Medium,Beads,Edition,132,Minio,grw4f784
133,Disegno #133,"Disegno, Edition half of pair 133 of 250. Raffaello — the drawing underneath and the colour laid over it. Medium scale, mixed-style, rendered deterministically from seed zr42oix2. Its Twin is Cangiante: free to claim for whoever holds this piece.",filament_1777667026856_0014_zr42oix2_Raffaello_medium.webp,https://unrealfilament.art/edition/#133,Raffaello,Medium,Mixed-style,Edition,133,Cangiante,zr42oix2
134,Bozzetto #134,"Bozzetto, Edition half of pair 134 of 250. Raffaello — the drawing underneath and the colour laid over it. Medium scale, mixed-style, rendered deterministically from seed jyr8f9ax. Its Twin is Amaranto: free to claim for whoever holds this piece.",filament_1777667135273_0025_jyr8f9ax_Raffaello_medium.webp,https://unrealfilament.art/edition/#134,Raffaello,Medium,Mixed-style,Edition,134,Amaranto,jyr8f9ax
135,Profilo #135,"Profilo, Edition half of pair 135 of 250. Raffaello — the drawing underneath and the colour laid over it. Large scale, mixed-style, rendered deterministically from seed 6cfyeaci. Its Twin is Garanza: free to claim for whoever holds this piece.",filament_1777667202345_0099_6cfyeaci_Raffaello_large.webp,https://unrealfilament.art/edition/#135,Raffaello,Large,Mixed-style,Edition,135,Garanza,6cfyeaci
136,Contrapposto #136,"Contrapposto, Edition half of pair 136 of 250. Raffaello — the drawing underneath and the colour laid over it. Medium scale, mixed-style, rendered deterministically from seed 15m4dcco. Its Twin is Biacca: free to claim for whoever holds this piece.",filament_1777667234707_0137_15m4dcco_Raffaello_medium.webp,https://unrealfilament.art/edition/#136,Raffaello,Medium,Mixed-style,Edition,136,Biacca,15m4dcco
137,Luccichio #137,"Luccichio, Edition half of pair 137 of 250. Lucente — the gleam, and what dulls it. Jumbo scale, beads, rendered deterministically from seed u98cnqhg. Its Twin is Patina: free to claim for whoever holds this piece.",filament_1777569316980_0004_u98cnqhg_Lucente_jumbo.webp,https://unrealfilament.art/edition/#137,Lucente,Jumbo,Beads,Edition,137,Patina,u98cnqhg
138,Scintilla #138,"Scintilla, Edition half of pair 138 of 250. Lucente — the gleam, and what dulls it. Jumbo scale, beads, rendered deterministically from seed 77t1c7gt. Its Twin is Fuliggine: free to claim for whoever holds this piece.",filament_1777569567827_0050_77t1c7gt_Lucente_jumbo.webp,https://unrealfilament.art/edition/#138,Lucente,Jumbo,Beads,Edition,138,Fuliggine,77t1c7gt
139,Lucciola #139,"Lucciola, Edition half of pair 139 of 250. Lucente — the gleam, and what dulls it. Jumbo scale, beads, rendered deterministically from seed 0weo6zo6. Its Twin is Cenere: free to claim for whoever holds this piece.",filament_1777569583442_0075_0weo6zo6_Lucente_jumbo.webp,https://unrealfilament.art/edition/#139,Lucente,Jumbo,Beads,Edition,139,Cenere,0weo6zo6
140,Balenio #140,"Balenio, Edition half of pair 140 of 250. Lucente — the gleam, and what dulls it. Large scale, beads, rendered deterministically from seed yy758k4n. Its Twin is Ruggine: free to claim for whoever holds this piece.",filament_1777570193655_0008_yy758k4n_Lucente_large.webp,https://unrealfilament.art/edition/#140,Lucente,Large,Beads,Edition,140,Ruggine,yy758k4n
141,Lustro #141,"Lustro, Edition half of pair 141 of 250. Lucente — the gleam, and what dulls it. Micro scale, beads, rendered deterministically from seed md4f4lgu. Its Twin is Verderame: free to claim for whoever holds this piece.",filament_1777570255951_0045_md4f4lgu_Lucente_micro.webp,https://unrealfilament.art/edition/#141,Lucente,Micro,Beads,Edition,141,Verderame,md4f4lgu
142,Iride #142,"Iride, Edition half of pair 142 of 250. Lucente — the gleam, and what dulls it. Large scale, beads, rendered deterministically from seed jos606ie. Its Twin is Appannatura: free to claim for whoever holds this piece.",filament_1777666646101_0042_jos606ie_Lucente_large.webp,https://unrealfilament.art/edition/#142,Lucente,Large,Beads,Edition,142,Appannatura,jos606ie
143,Fulgore #143,"Fulgore, Edition half of pair 143 of 250. Lucente — the gleam, and what dulls it. Jumbo scale, beads, rendered deterministically from seed n1z46c4t. Its Twin is Ossido: free to claim for whoever holds this piece.",filament_1777666804369_0011_n1z46c4t_Lucente_jumbo.webp,https://unrealfilament.art/edition/#143,Lucente,Jumbo,Beads,Edition,143,Ossido,n1z46c4t
144,Raggiera #144,"Raggiera, Edition half of pair 144 of 250. Lucente — the gleam, and what dulls it. Mixed scale, beads, rendered deterministically from seed v6s6ocdz. Its Twin is Sordina: free to claim for whoever holds this piece.",filament_1777667020173_0007_v6s6ocdz_Lucente_mixed.webp,https://unrealfilament.art/edition/#144,Lucente,Mixed,Beads,Edition,144,Sordina,v6s6ocdz
145,Abbaglio #145,"Abbaglio, Edition half of pair 145 of 250. Lucente — the gleam, and what dulls it. Mixed scale, mixed-style, rendered deterministically from seed hoplmkpf. Its Twin is Grigiore: free to claim for whoever holds this piece.",filament_1777667031118_0002_hoplmkpf_Lucente_mixed.webp,https://unrealfilament.art/edition/#145,Lucente,Mixed,Mixed-style,Edition,145,Grigiore,hoplmkpf
146,Sfavillio #146,"Sfavillio, Edition half of pair 146 of 250. Lucente — the gleam, and what dulls it. Large scale, mixed-style, rendered deterministically from seed 4pr2lj4v. Its Twin is Torbido: free to claim for whoever holds this piece.",filament_1777667092414_0048_4pr2lj4v_Lucente_large.webp,https://unrealfilament.art/edition/#146,Lucente,Large,Mixed-style,Edition,146,Torbido,4pr2lj4v
147,Lampo #147,"Lampo, Edition half of pair 147 of 250. Lucente — the gleam, and what dulls it. Mixed scale, mixed-style, rendered deterministically from seed 44nodby8. Its Twin is Bruno: free to claim for whoever holds this piece.",filament_1777667123899_0011_44nodby8_Lucente_mixed.webp,https://unrealfilament.art/edition/#147,Lucente,Mixed,Mixed-style,Edition,147,Bruno,44nodby8
148,Guizzo #148,"Guizzo, Edition half of pair 148 of 250. Lucente — the gleam, and what dulls it. Medium scale, mixed-style, rendered deterministically from seed 7z3d720w. Its Twin is Smorzato: free to claim for whoever holds this piece.",filament_1777667154469_0046_7z3d720w_Lucente_medium.webp,https://unrealfilament.art/edition/#148,Lucente,Medium,Mixed-style,Edition,148,Smorzato,7z3d720w
149,Fiammella #149,"Fiammella, Edition half of pair 149 of 250. Lucente — the gleam, and what dulls it. Medium scale, mixed-style, rendered deterministically from seed 8th46grv. Its Twin is Tizzone: free to claim for whoever holds this piece.",filament_1777667207016_0103_8th46grv_Lucente_medium.webp,https://unrealfilament.art/edition/#149,Lucente,Medium,Mixed-style,Edition,149,Tizzone,8th46grv
150,Intonaco #150,"Intonaco, Edition half of pair 150 of 250. Fresco — wet plaster and the pigment that goes in while it holds. Medium scale, mixed-style, rendered deterministically from seed 3b1hnpjf. Its Twin is Pigmento: free to claim for whoever holds this piece.",filament_1777568407403_0010_3b1hnpjf_Fresco_medium.webp,https://unrealfilament.art/edition/#150,Fresco,Medium,Mixed-style,Edition,150,Pigmento,3b1hnpjf
151,Calce #151,"Calce, Edition half of pair 151 of 250. Fresco — wet plaster and the pigment that goes in while it holds. Mixed scale, beads, rendered deterministically from seed 4ngkkd0n. Its Twin is Malachite: free to claim for whoever holds this piece.",filament_1777569195622_0011_4ngkkd0n_Fresco_mixed.webp,https://unrealfilament.art/edition/#151,Fresco,Mixed,Beads,Edition,151,Malachite,4ngkkd0n
152,Arriccio #152,"Arriccio, Edition half of pair 152 of 250. Fresco — wet plaster and the pigment that goes in while it holds. Jumbo scale, beads, rendered deterministically from seed 5e85p7cv. Its Twin is Lapislazzuli: free to claim for whoever holds this piece.",filament_1777569574627_0061_5e85p7cv_Fresco_jumbo.webp,https://unrealfilament.art/edition/#152,Fresco,Jumbo,Beads,Edition,152,Lapislazzuli,5e85p7cv
153,Giornata #153,"Giornata, Edition half of pair 153 of 250. Fresco — wet plaster and the pigment that goes in while it holds. Jumbo scale, beads, rendered deterministically from seed i78gmyxt. Its Twin is Pennellata: free to claim for whoever holds this piece.",filament_1777569596147_0096_i78gmyxt_Fresco_jumbo.webp,https://unrealfilament.art/edition/#153,Fresco,Jumbo,Beads,Edition,153,Pennellata,i78gmyxt
154,Muro #154,"Muro, Edition half of pair 154 of 250. Fresco — wet plaster and the pigment that goes in while it holds. Jumbo scale, beads, rendered deterministically from seed w55eth6h. Its Twin is Colatura: free to claim for whoever holds this piece.",filament_1777569609615_0115_w55eth6h_Fresco_jumbo.webp,https://unrealfilament.art/edition/#154,Fresco,Jumbo,Beads,Edition,154,Colatura,w55eth6h
155,Tonachino #155,"Tonachino, Edition half of pair 155 of 250. Fresco — wet plaster and the pigment that goes in while it holds. Jumbo scale, beads, rendered deterministically from seed bfclm3c9. Its Twin is Cinabrese: free to claim for whoever holds this piece.",filament_1777569634325_0154_bfclm3c9_Fresco_jumbo.webp,https://unrealfilament.art/edition/#155,Fresco,Jumbo,Beads,Edition,155,Cinabrese,bfclm3c9
156,Ponteggio #156,"Ponteggio, Edition half of pair 156 of 250. Fresco — wet plaster and the pigment that goes in while it holds. Micro scale, mixed-style, rendered deterministically from seed k1ozy91u. Its Twin is Verdaccio: free to claim for whoever holds this piece.",filament_1777570155130_0096_k1ozy91u_Fresco_micro.webp,https://unrealfilament.art/edition/#156,Fresco,Micro,Mixed-style,Edition,156,Verdaccio,k1ozy91u
157,Cazzuola #157,"Cazzuola, Edition half of pair 157 of 250. Fresco — wet plaster and the pigment that goes in while it holds. Mixed scale, mixed-style, rendered deterministically from seed ato15pau. Its Twin is Bolo: free to claim for whoever holds this piece.",filament_1777570344408_0092_ato15pau_Fresco_mixed.webp,https://unrealfilament.art/edition/#157,Fresco,Mixed,Mixed-style,Edition,157,Bolo,ato15pau
158,Frattazzo #158,"Frattazzo, Edition half of pair 158 of 250. Fresco — wet plaster and the pigment that goes in while it holds. Mixed scale, mixed-style, rendered deterministically from seed kovamy4j. Its Twin is Azzurrite: free to claim for whoever holds this piece.",filament_1777666647336_0043_kovamy4j_Fresco_mixed.webp,https://unrealfilament.art/edition/#158,Fresco,Mixed,Mixed-style,Edition,158,Azzurrite,kovamy4j
159,Nicchia #159,"Nicchia, Edition half of pair 159 of 250. Fresco — wet plaster and the pigment that goes in while it holds. Large scale, thin, rendered deterministically from seed m49ue1vb. Its Twin is Ocra: free to claim for whoever holds this piece.",filament_1777666650610_0047_m49ue1vb_Fresco_large.webp,https://unrealfilament.art/edition/#159,Fresco,Large,Thin,Edition,159,Ocra,m49ue1vb
160,Lunetta #160,"Lunetta, Edition half of pair 160 of 250. Fresco — wet plaster and the pigment that goes in while it holds. Jumbo scale, mixed-style, rendered deterministically from seed 9rekyqbc. Its Twin is Chiaroscuro: free to claim for whoever holds this piece.",filament_1777667055320_0010_9rekyqbc_Fresco_jumbo.webp,https://unrealfilament.art/edition/#160,Fresco,Jumbo,Mixed-style,Edition,160,Chiaroscuro,9rekyqbc
161,Volta #161,"Volta, Edition half of pair 161 of 250. Fresco — wet plaster and the pigment that goes in while it holds. Mixed scale, mixed-style, rendered deterministically from seed 5lf3fe9h. Its Twin is Grisaglia: free to claim for whoever holds this piece.",filament_1777667089186_0045_5lf3fe9h_Fresco_mixed.webp,https://unrealfilament.art/edition/#161,Fresco,Mixed,Mixed-style,Edition,161,Grisaglia,5lf3fe9h
162,Zoccolo #162,"Zoccolo, Edition half of pair 162 of 250. Fresco — wet plaster and the pigment that goes in while it holds. Medium scale, mixed-style, rendered deterministically from seed f6kexpja. Its Twin is Bistro: free to claim for whoever holds this piece.",filament_1777667159484_0050_f6kexpja_Fresco_medium.webp,https://unrealfilament.art/edition/#162,Fresco,Medium,Mixed-style,Edition,162,Bistro,f6kexpja
163,Cornice #163,"Cornice, Edition half of pair 163 of 250. Fresco — wet plaster and the pigment that goes in while it holds. Jumbo scale, mixed-style, rendered deterministically from seed 5r54q4nx. Its Twin is Vernice: free to claim for whoever holds this piece.",filament_1777667166099_0057_5r54q4nx_Fresco_jumbo.webp,https://unrealfilament.art/edition/#163,Fresco,Jumbo,Mixed-style,Edition,163,Vernice,5r54q4nx
164,Argilla #164,"Argilla, Edition half of pair 164 of 250. Terra — the ground, and what comes out of it. Large scale, mixed-style, rendered deterministically from seed mo0tbcxo. Its Twin is Semina: free to claim for whoever holds this piece.",filament_1777569011237_0007_mo0tbcxo_Terra_large.webp,https://unrealfilament.art/edition/#164,Terra,Large,Mixed-style,Edition,164,Semina,mo0tbcxo
165,Zolla #165,"Zolla, Edition half of pair 165 of 250. Terra — the ground, and what comes out of it. Jumbo scale, beads, rendered deterministically from seed r79sl4ti. Its Twin is Raccolto: free to claim for whoever holds this piece.",filament_1777569559310_0036_r79sl4ti_Terra_jumbo.webp,https://unrealfilament.art/edition/#165,Terra,Jumbo,Beads,Edition,165,Raccolto,r79sl4ti
166,Creta #166,"Creta, Edition half of pair 166 of 250. Terra — the ground, and what comes out of it. Jumbo scale, beads, rendered deterministically from seed roe3pjtu. Its Twin is Spiga: free to claim for whoever holds this piece.",filament_1777569567186_0049_roe3pjtu_Terra_jumbo.webp,https://unrealfilament.art/edition/#166,Terra,Jumbo,Beads,Edition,166,Spiga,roe3pjtu
167,Tufo #167,"Tufo, Edition half of pair 167 of 250. Terra — the ground, and what comes out of it. Jumbo scale, beads, rendered deterministically from seed c0fh85ah. Its Twin is Covone: free to claim for whoever holds this piece.",filament_1777569609136_0114_c0fh85ah_Terra_jumbo.webp,https://unrealfilament.art/edition/#167,Terra,Jumbo,Beads,Edition,167,Covone,c0fh85ah
168,Marna #168,"Marna, Edition half of pair 168 of 250. Terra — the ground, and what comes out of it. Jumbo scale, beads, rendered deterministically from seed kn6cs0bp. Its Twin is Maggese: free to claim for whoever holds this piece.",filament_1777569639955_0161_kn6cs0bp_Terra_jumbo.webp,https://unrealfilament.art/edition/#168,Terra,Jumbo,Beads,Edition,168,Maggese,kn6cs0bp
169,Limo #169,"Limo, Edition half of pair 169 of 250. Terra — the ground, and what comes out of it. Mixed scale, mixed-style, rendered deterministically from seed basqiar6. Its Twin is Aratura: free to claim for whoever holds this piece.",filament_1777570129738_0083_basqiar6_Terra_mixed.webp,https://unrealfilament.art/edition/#169,Terra,Mixed,Mixed-style,Edition,169,Aratura,basqiar6
170,Sabbia #170,"Sabbia, Edition half of pair 170 of 250. Terra — the ground, and what comes out of it. Mixed scale, thin, rendered deterministically from seed m4mxm05d. Its Twin is Erpice: free to claim for whoever holds this piece.",filament_1777570145232_0092_m4mxm05d_Terra_mixed.webp,https://unrealfilament.art/edition/#170,Terra,Mixed,Thin,Edition,170,Erpice,m4mxm05d
171,Ghiaia #171,"Ghiaia, Edition half of pair 171 of 250. Terra — the ground, and what comes out of it. Micro scale, beads, rendered deterministically from seed 3jpk348r. Its Twin is Vendemmia: free to claim for whoever holds this piece.",filament_1777570241938_0037_3jpk348r_Terra_micro.webp,https://unrealfilament.art/edition/#171,Terra,Micro,Beads,Edition,171,Vendemmia,3jpk348r
172,Terriccio #172,"Terriccio, Edition half of pair 172 of 250. Terra — the ground, and what comes out of it. Medium scale, beads, rendered deterministically from seed g2d292p2. Its Twin is Fienile: free to claim for whoever holds this piece.",filament_1777666633888_0030_g2d292p2_Terra_medium.webp,https://unrealfilament.art/edition/#172,Terra,Medium,Beads,Edition,172,Fienile,g2d292p2
173,Polvere #173,"Polvere, Edition half of pair 173 of 250. Terra — the ground, and what comes out of it. Medium scale, mixed-style, rendered deterministically from seed ev82xaps. Its Twin is Aratro: free to claim for whoever holds this piece.",filament_1777666635823_0031_ev82xaps_Terra_medium.webp,https://unrealfilament.art/edition/#173,Terra,Medium,Mixed-style,Edition,173,Aratro,ev82xaps
174,Fango #174,"Fango, Edition half of pair 174 of 250. Terra — the ground, and what comes out of it. Mixed scale, mixed-style, rendered deterministically from seed hwbgecer. Its Twin is Semenza: free to claim for whoever holds this piece.",filament_1777666836425_0046_hwbgecer_Terra_mixed.webp,https://unrealfilament.art/edition/#174,Terra,Mixed,Mixed-style,Edition,174,Semenza,hwbgecer
175,Terracotta #175,"Terracotta, Edition half of pair 175 of 250. Terra — the ground, and what comes out of it. Medium scale, mixed-style, rendered deterministically from seed 4prg3vi2. Its Twin is Frutteto: free to claim for whoever holds this piece.",filament_1777667043256_0013_4prg3vi2_Terra_medium.webp,https://unrealfilament.art/edition/#175,Terra,Medium,Mixed-style,Edition,175,Frutteto,4prg3vi2
176,Mattone #176,"Mattone, Edition half of pair 176 of 250. Terra — the ground, and what comes out of it. Large scale, mixed-style, rendered deterministically from seed ixrruakq. Its Twin is Orto: free to claim for whoever holds this piece.",filament_1777667059584_0015_ixrruakq_Terra_large.webp,https://unrealfilament.art/edition/#176,Terra,Large,Mixed-style,Edition,176,Orto,ixrruakq
177,Gesso #177,"Gesso, Edition half of pair 177 of 250. Terra — the ground, and what comes out of it. Large scale, mixed-style, rendered deterministically from seed mens3hma. Its Twin is Fioritura: free to claim for whoever holds this piece.",filament_1777667132504_0022_mens3hma_Terra_large.webp,https://unrealfilament.art/edition/#177,Terra,Large,Mixed-style,Edition,177,Fioritura,mens3hma
178,Sasso #178,"Sasso, Edition half of pair 178 of 250. Terra — the ground, and what comes out of it. Mixed scale, mixed-style, rendered deterministically from seed eswsczqz. Its Twin is Ginestra: free to claim for whoever holds this piece.",filament_1777667220526_0122_eswsczqz_Terra_mixed.webp,https://unrealfilament.art/edition/#178,Terra,Mixed,Mixed-style,Edition,178,Ginestra,eswsczqz
179,Sagoma #179,"Sagoma, Edition half of pair 179 of 250. Ombra — the dark place and the small light someone carried in. Jumbo scale, beads, rendered deterministically from seed 9s6znv4j. Its Twin is Lucerna: free to claim for whoever holds this piece.",filament_1777569545978_0016_9s6znv4j_Ombra_jumbo.webp,https://unrealfilament.art/edition/#179,Ombra,Jumbo,Beads,Edition,179,Lucerna,9s6znv4j
180,Eclissi #180,"Eclissi, Edition half of pair 180 of 250. Ombra — the dark place and the small light someone carried in. Large scale, beads, rendered deterministically from seed wkkkndl6. Its Twin is Candela: free to claim for whoever holds this piece.",filament_1777570046853_0012_wkkkndl6_Ombra_large.webp,https://unrealfilament.art/edition/#180,Ombra,Large,Beads,Edition,180,Candela,wkkkndl6
181,Cripta #181,"Cripta, Edition half of pair 181 of 250. Ombra — the dark place and the small light someone carried in. Mixed scale, beads, rendered deterministically from seed 5jbh52y5. Its Twin is Torcia: free to claim for whoever holds this piece.",filament_1777570064091_0027_5jbh52y5_Ombra_mixed.webp,https://unrealfilament.art/edition/#181,Ombra,Mixed,Beads,Edition,181,Torcia,5jbh52y5
182,Androne #182,"Androne, Edition half of pair 182 of 250. Ombra — the dark place and the small light someone carried in. Jumbo scale, mixed-style, rendered deterministically from seed k6ddl1c6. Its Twin is Lampada: free to claim for whoever holds this piece.",filament_1777570086715_0051_k6ddl1c6_Ombra_jumbo.webp,https://unrealfilament.art/edition/#182,Ombra,Jumbo,Mixed-style,Edition,182,Lampada,k6ddl1c6
183,Sottoportico #183,"Sottoportico, Edition half of pair 183 of 250. Ombra — the dark place and the small light someone carried in. Mixed scale, beads, rendered deterministically from seed yu75c8hc. Its Twin is Fiaccola: free to claim for whoever holds this piece.",filament_1777570112528_0070_yu75c8hc_Ombra_mixed.webp,https://unrealfilament.art/edition/#183,Ombra,Mixed,Beads,Edition,183,Fiaccola,yu75c8hc
184,Vicolo #184,"Vicolo, Edition half of pair 184 of 250. Ombra — the dark place and the small light someone carried in. Micro scale, mixed-style, rendered deterministically from seed eyhdq3ar. Its Twin is Candelabro: free to claim for whoever holds this piece.",filament_1777570299002_0069_eyhdq3ar_Ombra_micro.webp,https://unrealfilament.art/edition/#184,Ombra,Micro,Mixed-style,Edition,184,Candelabro,eyhdq3ar
185,Antro #185,"Antro, Edition half of pair 185 of 250. Ombra — the dark place and the small light someone carried in. Micro scale, mixed-style, rendered deterministically from seed nztsk6ph. Its Twin is Lume: free to claim for whoever holds this piece.",filament_1777570316140_0080_nztsk6ph_Ombra_micro.webp,https://unrealfilament.art/edition/#185,Ombra,Micro,Mixed-style,Edition,185,Lume,nztsk6ph
186,Grotta #186,"Grotta, Edition half of pair 186 of 250. Ombra — the dark place and the small light someone carried in. Large scale, thin, rendered deterministically from seed nporeba9. Its Twin is Falò: free to claim for whoever holds this piece.",filament_1777570350409_0098_nporeba9_Ombra_large.webp,https://unrealfilament.art/edition/#186,Ombra,Large,Thin,Edition,186,Falò,nporeba9
187,Cantina #187,"Cantina, Edition half of pair 187 of 250. Ombra — the dark place and the small light someone carried in. Mixed scale, mixed-style, rendered deterministically from seed niim5ytp. Its Twin is Braciere: free to claim for whoever holds this piece.",filament_1777666799867_0006_niim5ytp_Ombra_mixed.webp,https://unrealfilament.art/edition/#187,Ombra,Mixed,Mixed-style,Edition,187,Braciere,niim5ytp
188,Cunicolo #188,"Cunicolo, Edition half of pair 188 of 250. Ombra — the dark place and the small light someone carried in. Large scale, mixed-style, rendered deterministically from seed xoykn3h7. Its Twin is Miccia: free to claim for whoever holds this piece.",filament_1777666808764_0016_xoykn3h7_Ombra_large.webp,https://unrealfilament.art/edition/#188,Ombra,Large,Mixed-style,Edition,188,Miccia,xoykn3h7
189,Anfratto #189,"Anfratto, Edition half of pair 189 of 250. Ombra — the dark place and the small light someone carried in. Large scale, beads, rendered deterministically from seed 72h32kzu. Its Twin is Stoppino: free to claim for whoever holds this piece.",filament_1777666811305_0019_72h32kzu_Ombra_large.webp,https://unrealfilament.art/edition/#189,Ombra,Large,Beads,Edition,189,Stoppino,72h32kzu
190,Voragine #190,"Voragine, Edition half of pair 190 of 250. Ombra — the dark place and the small light someone carried in. Mixed scale, mixed-style, rendered deterministically from seed dxzy5dsw. Its Twin is Vampa: free to claim for whoever holds this piece.",filament_1777667039343_0010_dxzy5dsw_Ombra_mixed.webp,https://unrealfilament.art/edition/#190,Ombra,Mixed,Mixed-style,Edition,190,Vampa,dxzy5dsw
191,Sotterraneo #191,"Sotterraneo, Edition half of pair 191 of 250. Ombra — the dark place and the small light someone carried in. Large scale, mixed-style, rendered deterministically from seed q13cs4h0. Its Twin is Focolare: free to claim for whoever holds this piece.",filament_1777667138368_0029_q13cs4h0_Ombra_large.webp,https://unrealfilament.art/edition/#191,Ombra,Large,Mixed-style,Edition,191,Focolare,q13cs4h0
192,Nascondiglio #192,"Nascondiglio, Edition half of pair 192 of 250. Ombra — the dark place and the small light someone carried in. Large scale, mixed-style, rendered deterministically from seed cyaul5fb. Its Twin is Cerino: free to claim for whoever holds this piece.",filament_1777667182999_0078_cyaul5fb_Ombra_large.webp,https://unrealfilament.art/edition/#192,Ombra,Large,Mixed-style,Edition,192,Cerino,cyaul5fb
193,Velario #193,"Velario, Edition half of pair 193 of 250. Ombra — the dark place and the small light someone carried in. Mixed scale, mixed-style, rendered deterministically from seed mc6rubzs. Its Twin is Ribalta: free to claim for whoever holds this piece.",filament_1777667200256_0096_mc6rubzs_Ombra_mixed.webp,https://unrealfilament.art/edition/#193,Ombra,Mixed,Mixed-style,Edition,193,Ribalta,mc6rubzs
194,Ghiaccio #194,"Ghiaccio, Edition half of pair 194 of 250. Glaciale — water held, and water moving again. Jumbo scale, beads, rendered deterministically from seed 6tsra6jg. Its Twin is Disgelo: free to claim for whoever holds this piece.",filament_1777569325789_0010_6tsra6jg_Glaciale_jumbo.webp,https://unrealfilament.art/edition/#194,Glaciale,Jumbo,Beads,Edition,194,Disgelo,6tsra6jg
195,Brina #195,"Brina, Edition half of pair 195 of 250. Glaciale — water held, and water moving again. Jumbo scale, beads, rendered deterministically from seed 68al9v5u. Its Twin is Ruscello: free to claim for whoever holds this piece.",filament_1777569330671_0017_68al9v5u_Glaciale_jumbo.webp,https://unrealfilament.art/edition/#195,Glaciale,Jumbo,Beads,Edition,195,Ruscello,68al9v5u
196,Gelo #196,"Gelo, Edition half of pair 196 of 250. Glaciale — water held, and water moving again. Jumbo scale, beads, rendered deterministically from seed 8bakm26h. Its Twin is Goccia: free to claim for whoever holds this piece.",filament_1777569566522_0048_8bakm26h_Glaciale_jumbo.webp,https://unrealfilament.art/edition/#196,Glaciale,Jumbo,Beads,Edition,196,Goccia,8bakm26h
197,Nevaio #197,"Nevaio, Edition half of pair 197 of 250. Glaciale — water held, and water moving again. Jumbo scale, beads, rendered deterministically from seed 1p6wj2j3. Its Twin is Torrente: free to claim for whoever holds this piece.",filament_1777569599207_0101_1p6wj2j3_Glaciale_jumbo.webp,https://unrealfilament.art/edition/#197,Glaciale,Jumbo,Beads,Edition,197,Torrente,1p6wj2j3
198,Cristallo #198,"Cristallo, Edition half of pair 198 of 250. Glaciale — water held, and water moving again. Jumbo scale, beads, rendered deterministically from seed boqn5k9n. Its Twin is Zampillo: free to claim for whoever holds this piece.",filament_1777569619356_0131_boqn5k9n_Glaciale_jumbo.webp,https://unrealfilament.art/edition/#198,Glaciale,Jumbo,Beads,Edition,198,Zampillo,boqn5k9n
199,Galaverna #199,"Galaverna, Edition half of pair 199 of 250. Glaciale — water held, and water moving again. Small scale, beads, rendered deterministically from seed ebq1s133. Its Twin is Polla: free to claim for whoever holds this piece.",filament_1777570067056_0031_ebq1s133_Glaciale_small.webp,https://unrealfilament.art/edition/#199,Glaciale,Small,Beads,Edition,199,Polla,ebq1s133
200,Seracco #200,"Seracco, Edition half of pair 200 of 250. Glaciale — water held, and water moving again. Mixed scale, thin, rendered deterministically from seed ti8yry62. Its Twin is Rivolo: free to claim for whoever holds this piece.",filament_1777666608010_0002_ti8yry62_Glaciale_mixed.webp,https://unrealfilament.art/edition/#200,Glaciale,Mixed,Thin,Edition,200,Rivolo,ti8yry62
201,Banchisa #201,"Banchisa, Edition half of pair 201 of 250. Glaciale — water held, and water moving again. Medium scale, beads, rendered deterministically from seed or707wm8. Its Twin is Piena: free to claim for whoever holds this piece.",filament_1777666632297_0028_or707wm8_Glaciale_medium.webp,https://unrealfilament.art/edition/#201,Glaciale,Medium,Beads,Edition,201,Piena,or707wm8
202,Nevischio #202,"Nevischio, Edition half of pair 202 of 250. Glaciale — water held, and water moving again. Large scale, thin, rendered deterministically from seed 7fa7hg69. Its Twin is Pioggia: free to claim for whoever holds this piece.",filament_1777666801636_0008_7fa7hg69_Glaciale_large.webp,https://unrealfilament.art/edition/#202,Glaciale,Large,Thin,Edition,202,Pioggia,7fa7hg69
203,Ghiacciolo #203,"Ghiacciolo, Edition half of pair 203 of 250. Glaciale — water held, and water moving again. Mixed scale, beads, rendered deterministically from seed lq1ttmc7. Its Twin is Stillicidio: free to claim for whoever holds this piece.",filament_1777667016716_0003_lq1ttmc7_Glaciale_mixed.webp,https://unrealfilament.art/edition/#203,Glaciale,Mixed,Beads,Edition,203,Stillicidio,lq1ttmc7
204,Crepaccio #204,"Crepaccio, Edition half of pair 204 of 250. Glaciale — water held, and water moving again. Medium scale, mixed-style, rendered deterministically from seed taiy8st2. Its Twin is Guado: free to claim for whoever holds this piece.",filament_1777667086500_0043_taiy8st2_Glaciale_medium.webp,https://unrealfilament.art/edition/#204,Glaciale,Medium,Mixed-style,Edition,204,Guado,taiy8st2
205,Coltre #205,"Coltre, Edition half of pair 205 of 250. Glaciale — water held, and water moving again. Large scale, mixed-style, rendered deterministically from seed w2vo7qsz. Its Twin is Sorgiva: free to claim for whoever holds this piece.",filament_1777667094308_0050_w2vo7qsz_Glaciale_large.webp,https://unrealfilament.art/edition/#205,Glaciale,Large,Mixed-style,Edition,205,Sorgiva,w2vo7qsz
206,Tormenta #206,"Tormenta, Edition half of pair 206 of 250. Glaciale — water held, and water moving again. Medium scale, mixed-style, rendered deterministically from seed 7v19anm7. Its Twin is Sereno: free to claim for whoever holds this piece.",filament_1777667195123_0090_7v19anm7_Glaciale_medium.webp,https://unrealfilament.art/edition/#206,Glaciale,Medium,Mixed-style,Edition,206,Sereno,7v19anm7
207,Gelicidio #207,"Gelicidio, Edition half of pair 207 of 250. Glaciale — water held, and water moving again. Jumbo scale, mixed-style, rendered deterministically from seed 58tbc4sn. Its Twin is Fontanile: free to claim for whoever holds this piece.",filament_1777667196211_0092_58tbc4sn_Glaciale_jumbo.webp,https://unrealfilament.art/edition/#207,Glaciale,Jumbo,Mixed-style,Edition,207,Fontanile,58tbc4sn
208,Slavina #208,"Slavina, Edition half of pair 208 of 250. Glaciale — water held, and water moving again. Large scale, mixed-style, rendered deterministically from seed nexmay04. Its Twin is Riflusso: free to claim for whoever holds this piece.",filament_1777667212342_0111_nexmay04_Glaciale_large.webp,https://unrealfilament.art/edition/#208,Glaciale,Large,Mixed-style,Edition,208,Riflusso,nexmay04
209,Crepuscolo #209,"Crepuscolo, Edition half of pair 209 of 250. Tramonto — the going down, and the warmer half of the same fading. Mixed scale, beads, rendered deterministically from seed d6jznfyi. Its Twin is Alba: free to claim for whoever holds this piece.",filament_1777569259026_0004_d6jznfyi_Tramonto_mixed.webp,https://unrealfilament.art/edition/#209,Tramonto,Mixed,Beads,Edition,209,Alba,d6jznfyi
210,Vespro #210,"Vespro, Edition half of pair 210 of 250. Tramonto — the going down, and the warmer half of the same fading. Mixed scale, beads, rendered deterministically from seed qfogvqyn. Its Twin is Mattino: free to claim for whoever holds this piece.",filament_1777569277279_0020_qfogvqyn_Tramonto_mixed.webp,https://unrealfilament.art/edition/#210,Tramonto,Mixed,Beads,Edition,210,Mattino,qfogvqyn
211,Imbrunire #211,"Imbrunire, Edition half of pair 211 of 250. Tramonto — the going down, and the warmer half of the same fading. Jumbo scale, beads, rendered deterministically from seed dof40p8g. Its Twin is Levata: free to claim for whoever holds this piece.",filament_1777569573546_0059_dof40p8g_Tramonto_jumbo.webp,https://unrealfilament.art/edition/#211,Tramonto,Jumbo,Beads,Edition,211,Levata,dof40p8g
212,Occaso #212,"Occaso, Edition half of pair 212 of 250. Tramonto — the going down, and the warmer half of the same fading. Jumbo scale, beads, rendered deterministically from seed 0xe9vank. Its Twin is Oriente: free to claim for whoever holds this piece.",filament_1777569587179_0081_0xe9vank_Tramonto_jumbo.webp,https://unrealfilament.art/edition/#212,Tramonto,Jumbo,Beads,Edition,212,Oriente,0xe9vank
213,Ponente #213,"Ponente, Edition half of pair 213 of 250. Tramonto — the going down, and the warmer half of the same fading. Jumbo scale, beads, rendered deterministically from seed pgtftnor. Its Twin is Levante: free to claim for whoever holds this piece.",filament_1777569617196_0127_pgtftnor_Tramonto_jumbo.webp,https://unrealfilament.art/edition/#213,Tramonto,Jumbo,Beads,Edition,213,Levante,pgtftnor
214,Sera #214,"Sera, Edition half of pair 214 of 250. Tramonto — the going down, and the warmer half of the same fading. Jumbo scale, beads, rendered deterministically from seed d3po9zma. Its Twin is Diana: free to claim for whoever holds this piece.",filament_1777569630766_0148_d3po9zma_Tramonto_jumbo.webp,https://unrealfilament.art/edition/#214,Tramonto,Jumbo,Beads,Edition,214,Diana,d3po9zma
215,Rossore #215,"Rossore, Edition half of pair 215 of 250. Tramonto — the going down, and the warmer half of the same fading. Mixed scale, thin, rendered deterministically from seed hsixujzz. Its Twin is Fiamma: free to claim for whoever holds this piece.",filament_1777570069534_0034_hsixujzz_Tramonto_mixed.webp,https://unrealfilament.art/edition/#215,Tramonto,Mixed,Thin,Edition,215,Fiamma,hsixujzz
216,Brace #216,"Brace, Edition half of pair 216 of 250. Tramonto — the going down, and the warmer half of the same fading. Micro scale, beads, rendered deterministically from seed 28j99v9i. Its Twin is Favilla: free to claim for whoever holds this piece.",filament_1777570077311_0043_28j99v9i_Tramonto_micro.webp,https://unrealfilament.art/edition/#216,Tramonto,Micro,Beads,Edition,216,Favilla,28j99v9i
217,Rubino #217,"Rubino, Edition half of pair 217 of 250. Tramonto — the going down, and the warmer half of the same fading. Jumbo scale, thin, rendered deterministically from seed 5rpuzm99. Its Twin is Ambra: free to claim for whoever holds this piece.",filament_1777570081920_0047_5rpuzm99_Tramonto_jumbo.webp,https://unrealfilament.art/edition/#217,Tramonto,Jumbo,Thin,Edition,217,Ambra,5rpuzm99
218,Granata #218,"Granata, Edition half of pair 218 of 250. Tramonto — the going down, and the warmer half of the same fading. Mixed scale, mixed-style, rendered deterministically from seed ktr3f3o1. Its Twin is Corallo: free to claim for whoever holds this piece.",filament_1777570198049_0013_ktr3f3o1_Tramonto_mixed.webp,https://unrealfilament.art/edition/#218,Tramonto,Mixed,Mixed-style,Edition,218,Corallo,ktr3f3o1
219,Melograno #219,"Melograno, Edition half of pair 219 of 250. Tramonto — the going down, and the warmer half of the same fading. Medium scale, thin, rendered deterministically from seed 45hyhcdi. Its Twin is Zafferano: free to claim for whoever holds this piece.",filament_1777570200524_0016_45hyhcdi_Tramonto_medium.webp,https://unrealfilament.art/edition/#219,Tramonto,Medium,Thin,Edition,219,Zafferano,45hyhcdi
220,Rame #220,"Rame, Edition half of pair 220 of 250. Tramonto — the going down, and the warmer half of the same fading. Small scale, beads, rendered deterministically from seed 7gozhfea. Its Twin is Oro: free to claim for whoever holds this piece.",filament_1777570282931_0061_7gozhfea_Tramonto_small.webp,https://unrealfilament.art/edition/#220,Tramonto,Small,Beads,Edition,220,Oro,7gozhfea
221,Cotto #221,"Cotto, Edition half of pair 221 of 250. Tramonto — the going down, and the warmer half of the same fading. Mixed scale, mixed-style, rendered deterministically from seed 6a65ak1h. Its Twin is Miele: free to claim for whoever holds this piece.",filament_1777666812668_0020_6a65ak1h_Tramonto_mixed.webp,https://unrealfilament.art/edition/#221,Tramonto,Mixed,Mixed-style,Edition,221,Miele,6a65ak1h
222,Vinaccia #222,"Vinaccia, Edition half of pair 222 of 250. Tramonto — the going down, and the warmer half of the same fading. Medium scale, mixed-style, rendered deterministically from seed 50htlril. Its Twin is Albicocca: free to claim for whoever holds this piece.",filament_1777667051035_0006_50htlril_Tramonto_medium.webp,https://unrealfilament.art/edition/#222,Tramonto,Medium,Mixed-style,Edition,222,Albicocca,50htlril
223,Prugna #223,"Prugna, Edition half of pair 223 of 250. Tramonto — the going down, and the warmer half of the same fading. Medium scale, mixed-style, rendered deterministically from seed u6xzh4kb. Its Twin is Pesca: free to claim for whoever holds this piece.",filament_1777667080844_0038_u6xzh4kb_Tramonto_medium.webp,https://unrealfilament.art/edition/#223,Tramonto,Medium,Mixed-style,Edition,223,Pesca,u6xzh4kb
224,Mora #224,"Mora, Edition half of pair 224 of 250. Tramonto — the going down, and the warmer half of the same fading. Medium scale, mixed-style, rendered deterministically from seed 7z5b475w. Its Twin is Arancio: free to claim for whoever holds this piece.",filament_1777667120589_0008_7z5b475w_Tramonto_medium.webp,https://unrealfilament.art/edition/#224,Tramonto,Medium,Mixed-style,Edition,224,Arancio,7z5b475w
225,Ametista #225,"Ametista, Edition half of pair 225 of 250. Tramonto — the going down, and the warmer half of the same fading. Mixed scale, mixed-style, rendered deterministically from seed q7azywd2. Its Twin is Citrino: free to claim for whoever holds this piece.",filament_1777667164036_0054_q7azywd2_Tramonto_mixed.webp,https://unrealfilament.art/edition/#225,Tramonto,Mixed,Mixed-style,Edition,225,Citrino,q7azywd2
226,Indaco #226,"Indaco, Edition half of pair 226 of 250. Tramonto — the going down, and the warmer half of the same fading. Medium scale, mixed-style, rendered deterministically from seed zbvn58ss. Its Twin is Zolfo: free to claim for whoever holds this piece.",filament_1777667197536_0093_zbvn58ss_Tramonto_medium.webp,https://unrealfilament.art/edition/#226,Tramonto,Medium,Mixed-style,Edition,226,Zolfo,zbvn58ss
227,Malva #227,"Malva, Edition half of pair 227 of 250. Tramonto — the going down, and the warmer half of the same fading. Mixed scale, mixed-style, rendered deterministically from seed hzst0goz. Its Twin is Croco: free to claim for whoever holds this piece.",filament_1777667224545_0126_hzst0goz_Tramonto_mixed.webp,https://unrealfilament.art/edition/#227,Tramonto,Mixed,Mixed-style,Edition,227,Croco,hzst0goz
228,Lilla #228,"Lilla, Edition half of pair 228 of 250. Tramonto — the going down, and the warmer half of the same fading. Large scale, mixed-style, rendered deterministically from seed vfwfeacp. Its Twin is Girasole: free to claim for whoever holds this piece.",filament_1777667231876_0134_vfwfeacp_Tramonto_large.webp,https://unrealfilament.art/edition/#228,Tramonto,Large,Mixed-style,Edition,228,Girasole,vfwfeacp
229,Fornace #229,"Fornace, Edition half of pair 229 of 250. Murano — the furnace and the finished glass. Large scale, beads, rendered deterministically from seed y4qx87x5. Its Twin is Calice: free to claim for whoever holds this piece.",filament_1777569189688_0007_y4qx87x5_Murano_large.webp,https://unrealfilament.art/edition/#229,Murano,Large,Beads,Edition,229,Calice,y4qx87x5
230,Crogiolo #230,"Crogiolo, Edition half of pair 230 of 250. Murano — the furnace and the finished glass. Mixed scale, beads, rendered deterministically from seed 3ecgj993. Its Twin is Ampolla: free to claim for whoever holds this piece.",filament_1777569273577_0017_3ecgj993_Murano_mixed.webp,https://unrealfilament.art/edition/#230,Murano,Mixed,Beads,Edition,230,Ampolla,3ecgj993
231,Canna #231,"Canna, Edition half of pair 231 of 250. Murano — the furnace and the finished glass. Jumbo scale, beads, rendered deterministically from seed si9a0e98. Its Twin is Bolla: free to claim for whoever holds this piece.",filament_1777569533344_0003_si9a0e98_Murano_jumbo.webp,https://unrealfilament.art/edition/#231,Murano,Jumbo,Beads,Edition,231,Bolla,si9a0e98
232,Soffio #232,"Soffio, Edition half of pair 232 of 250. Murano — the furnace and the finished glass. Jumbo scale, beads, rendered deterministically from seed d1615qx6. Its Twin is Perla: free to claim for whoever holds this piece.",filament_1777569568541_0051_d1615qx6_Murano_jumbo.webp,https://unrealfilament.art/edition/#232,Murano,Jumbo,Beads,Edition,232,Perla,d1615qx6
233,Colata #233,"Colata, Edition half of pair 233 of 250. Murano — the furnace and the finished glass. Jumbo scale, beads, rendered deterministically from seed jhuxunv2. Its Twin is Sfera: free to claim for whoever holds this piece.",filament_1777569595517_0095_jhuxunv2_Murano_jumbo.webp,https://unrealfilament.art/edition/#233,Murano,Jumbo,Beads,Edition,233,Sfera,jhuxunv2
234,Pontello #234,"Pontello, Edition half of pair 234 of 250. Murano — the furnace and the finished glass. Jumbo scale, beads, rendered deterministically from seed 0oy09927. Its Twin is Lampadario: free to claim for whoever holds this piece.",filament_1777569596809_0097_0oy09927_Murano_jumbo.webp,https://unrealfilament.art/edition/#234,Murano,Jumbo,Beads,Edition,234,Lampadario,0oy09927
235,Fusione #235,"Fusione, Edition half of pair 235 of 250. Murano — the furnace and the finished glass. Mixed scale, thin, rendered deterministically from seed x79wtl5y. Its Twin is Lastra: free to claim for whoever holds this piece.",filament_1777570074661_0041_x79wtl5y_Murano_mixed.webp,https://unrealfilament.art/edition/#235,Murano,Mixed,Thin,Edition,235,Lastra,x79wtl5y
236,Tempra #236,"Tempra, Edition half of pair 236 of 250. Murano — the furnace and the finished glass. Medium scale, beads, rendered deterministically from seed wpdvdf19. Its Twin is Lente: free to claim for whoever holds this piece.",filament_1777570107331_0066_wpdvdf19_Murano_medium.webp,https://unrealfilament.art/edition/#236,Murano,Medium,Beads,Edition,236,Lente,wpdvdf19
237,Molatura #237,"Molatura, Edition half of pair 237 of 250. Murano — the furnace and the finished glass. Large scale, thin, rendered deterministically from seed i1jy46af. Its Twin is Prisma: free to claim for whoever holds this piece.",filament_1777570213277_0027_i1jy46af_Murano_large.webp,https://unrealfilament.art/edition/#237,Murano,Large,Thin,Edition,237,Prisma,i1jy46af
238,Battuto #238,"Battuto, Edition half of pair 238 of 250. Murano — the furnace and the finished glass. Mixed scale, mixed-style, rendered deterministically from seed de5j18zk. Its Twin is Piatto: free to claim for whoever holds this piece.",filament_1777570216675_0029_de5j18zk_Murano_mixed.webp,https://unrealfilament.art/edition/#238,Murano,Mixed,Mixed-style,Edition,238,Piatto,de5j18zk
239,Incalmo #239,"Incalmo, Edition half of pair 239 of 250. Murano — the furnace and the finished glass. Mixed scale, mixed-style, rendered deterministically from seed krmv8dau. Its Twin is Bicchiere: free to claim for whoever holds this piece.",filament_1777570252350_0043_krmv8dau_Murano_mixed.webp,https://unrealfilament.art/edition/#239,Murano,Mixed,Mixed-style,Edition,239,Bicchiere,krmv8dau
240,Murrina #240,"Murrina, Edition half of pair 240 of 250. Murano — the furnace and the finished glass. Medium scale, beads, rendered deterministically from seed 1fd6mbwi. Its Twin is Tessera: free to claim for whoever holds this piece.",filament_1777666616057_0010_1fd6mbwi_Murano_medium.webp,https://unrealfilament.art/edition/#240,Murano,Medium,Beads,Edition,240,Tessera,1fd6mbwi
241,Reticello #241,"Reticello, Edition half of pair 241 of 250. Murano — the furnace and the finished glass. Mixed scale, mixed-style, rendered deterministically from seed yr1uyg3o. Its Twin is Lattimo: free to claim for whoever holds this piece.",filament_1777666637680_0033_yr1uyg3o_Murano_mixed.webp,https://unrealfilament.art/edition/#241,Murano,Mixed,Mixed-style,Edition,241,Lattimo,yr1uyg3o
242,Avventurina #242,"Avventurina, Edition half of pair 242 of 250. Murano — the furnace and the finished glass. Large scale, beads, rendered deterministically from seed k4w6750y. Its Twin is Opalina: free to claim for whoever holds this piece.",filament_1777666807898_0015_k4w6750y_Murano_large.webp,https://unrealfilament.art/edition/#242,Murano,Large,Beads,Edition,242,Opalina,k4w6750y
243,Sommerso #243,"Sommerso, Edition half of pair 243 of 250. Murano — the furnace and the finished glass. Medium scale, mixed-style, rendered deterministically from seed u6cjn1q3. Its Twin is Boccia: free to claim for whoever holds this piece.",filament_1777666835346_0045_u6cjn1q3_Murano_medium.webp,https://unrealfilament.art/edition/#243,Murano,Medium,Mixed-style,Edition,243,Boccia,u6cjn1q3
244,Pulegoso #244,"Pulegoso, Edition half of pair 244 of 250. Murano — the furnace and the finished glass. Jumbo scale, mixed-style, rendered deterministically from seed 6gggb8im. Its Twin is Smalto: free to claim for whoever holds this piece.",filament_1777667015123_0002_6gggb8im_Murano_jumbo.webp,https://unrealfilament.art/edition/#244,Murano,Jumbo,Mixed-style,Edition,244,Smalto,6gggb8im
245,Ricottura #245,"Ricottura, Edition half of pair 245 of 250. Murano — the furnace and the finished glass. Jumbo scale, mixed-style, rendered deterministically from seed idc29quz. Its Twin is Pendaglio: free to claim for whoever holds this piece.",filament_1777667040364_0011_idc29quz_Murano_jumbo.webp,https://unrealfilament.art/edition/#245,Murano,Jumbo,Mixed-style,Edition,245,Pendaglio,idc29quz
246,Stampo #246,"Stampo, Edition half of pair 246 of 250. Murano — the furnace and the finished glass. Medium scale, mixed-style, rendered deterministically from seed zovn39w3. Its Twin is Vetrata: free to claim for whoever holds this piece.",filament_1777667062695_0017_zovn39w3_Murano_medium.webp,https://unrealfilament.art/edition/#246,Murano,Medium,Mixed-style,Edition,246,Vetrata,zovn39w3
247,Soffiatura #247,"Soffiatura, Edition half of pair 247 of 250. Murano — the furnace and the finished glass. Medium scale, mixed-style, rendered deterministically from seed ptamvlkt. Its Twin is Rosone: free to claim for whoever holds this piece.",filament_1777667146281_0037_ptamvlkt_Murano_medium.webp,https://unrealfilament.art/edition/#247,Murano,Medium,Mixed-style,Edition,247,Rosone,ptamvlkt
248,Tenaglia #248,"Tenaglia, Edition half of pair 248 of 250. Murano — the furnace and the finished glass. Large scale, mixed-style, rendered deterministically from seed pbka3fsl. Its Twin is Fiala: free to claim for whoever holds this piece.",filament_1777667180789_0075_pbka3fsl_Murano_large.webp,https://unrealfilament.art/edition/#248,Murano,Large,Mixed-style,Edition,248,Fiala,pbka3fsl
249,Cesello #249,"Cesello, Edition half of pair 249 of 250. Murano — the furnace and the finished glass. Medium scale, mixed-style, rendered deterministically from seed 677xi2nh. Its Twin is Diadema: free to claim for whoever holds this piece.",filament_1777667181684_0076_677xi2nh_Murano_medium.webp,https://unrealfilament.art/edition/#249,Murano,Medium,Mixed-style,Edition,249,Diadema,677xi2nh
250,Sigillo #250,"Sigillo, Edition half of pair 250 of 250. Murano — the furnace and the finished glass. Large scale, mixed-style, rendered deterministically from seed m1p6k37w. Its Twin is Congedo: free to claim for whoever holds this piece.",filament_1777667214249_0114_m1p6k37w_Murano_large.webp,https://unrealfilament.art/edition/#250,Murano,Large,Mixed-style,Edition,250,Congedo,m1p6k37w
