pair_id,twin_name,edition_name,palette
1,Fiato,Brocca,Morandi
2,Velo,Boccale,Morandi
3,Bruma,Ciotola,Morandi
4,Foschia,Vaso,Morandi
5,Pulviscolo,Scatola,Morandi
6,Chiarore,Bottiglia,Morandi
7,Respiro,Tazza,Morandi
8,Sospiro,Anfora,Morandi
9,Nebbia,Coppa,Morandi
10,Vapore,Barattolo,Morandi
11,Fumo,Fiasco,Morandi
12,Spiro,Orcio,Morandi
13,Penombra,Alzata,Morandi
14,Riflesso,Mensola,Morandi
15,Feritoia,Torrione,Montefeltro
16,Loggia,Bastione,Montefeltro
17,Balcone,Merlo,Montefeltro
18,Varco,Rocca,Montefeltro
19,Spiraglio,Cortile,Montefeltro
20,Soglia,Muraglia,Montefeltro
21,Arcata,Contrafforte,Montefeltro
22,Abbaino,Torretta,Montefeltro
23,Ponte,Fossato,Montefeltro
24,Portale,Cinta,Montefeltro
25,Lucernario,Pilastro,Montefeltro
26,Finestrella,Bugnato,Montefeltro
27,Laguna,Stendardo,Carpaccio
28,Riva,Gonfalone,Carpaccio
29,Scia,Corteo,Carpaccio
30,Marea,Porpora,Carpaccio
31,Risacca,Damasco,Carpaccio
32,Canale,Broccato,Carpaccio
33,Specchio,Vessillo,Carpaccio
34,Bacino,Livrea,Carpaccio
35,Onda,Manto,Carpaccio
36,Corrente,Baldacchino,Carpaccio
37,Schiuma,Seta,Carpaccio
38,Riverbero,Insegna,Carpaccio
39,Fondale,Ceralacca,Carpaccio
40,Deriva,Cinabro,Carpaccio
41,Salsedine,Scarlatto,Carpaccio
42,Bonaccia,Velluto,Carpaccio
43,Frangente,Ricamo,Carpaccio
44,Approdo,Cordone,Carpaccio
45,Vallone,Crinale,Appennino
46,Conca,Vetta,Appennino
47,Gola,Dorsale,Appennino
48,Radura,Sperone,Appennino
49,Piana,Cima,Appennino
50,Forra,Costone,Appennino
51,Sella,Guglia,Appennino
52,Pascolo,Roccia,Appennino
53,Sorgente,Ghiaione,Appennino
54,Valico,Massiccio,Appennino
55,Faggeta,Pietraia,Appennino
56,Alpeggio,Balza,Appennino
57,Vallata,Cengia,Appennino
58,Fondovalle,Pinnacolo,Appennino
59,Greto,Scarpata,Appennino
60,Aurora,Mezzanotte,Notturno
61,Barlume,Buio,Notturno
62,Albore,Tenebra,Notturno
63,Allodola,Nottola,Notturno
64,Mattutino,Plenilunio,Notturno
65,Risveglio,Veglia,Notturno
66,Rugiada,Astro,Notturno
67,Aureola,Prospettiva,Piero
68,Bagliore,Compasso,Piero
69,Nimbo,Squadra,Piero
70,Splendore,Piombino,Piero
71,Trasparenza,Volume,Piero
72,Incarnato,Sinopia,Piero
73,Alone,Modulo,Piero
74,Controluce,Simmetria,Piero
75,Scogliera,Collina,Marche
76,Battigia,Podere,Marche
77,Molo,Filare,Marche
78,Sale,Grano,Marche
79,Duna,Aia,Marche
80,Boa,Solco,Marche
81,Faro,Vigneto,Marche
82,Vela,Uliveto,Marche
83,Conchiglia,Stoppia,Marche
84,Scoglio,Casolare,Marche
85,Largo,Porto,Pesaro
86,Altura,Darsena,Pesaro
87,Orizzonte,Banchina,Pesaro
88,Rotta,Gomena,Pesaro
89,Andante,Ancora,Pesaro
90,Traversata,Bitta,Pesaro
91,Miraggio,Fanale,Pesaro
92,Maestrale,Pontile,Pesaro
93,Libeccio,Sartiame,Pesaro
94,Scirocco,Chiglia,Pesaro
95,Grecale,Timone,Pesaro
96,Poppa,Prua,Pesaro
97,Tramontana,Alberatura,Pesaro
98,Coperta,Stiva,Pesaro
99,Rada,Ormeggio,Pesaro
100,Sestante,Scalo,Pesaro
101,Bussola,Cala,Pesaro
102,Astrolabio,Lanterna,Pesaro
103,Fronda,Pagina,Foglio
104,Germoglio,Quaderno,Foglio
105,Linfa,Inchiostro,Foglio
106,Corteccia,Pergamena,Foglio
107,Ramoscello,Carta,Foglio
108,Nervatura,Filigrana,Foglio
109,Picciolo,Piega,Foglio
110,Radice,Margine,Foglio
111,Gemma,Postilla,Foglio
112,Stelo,Rigo,Foglio
113,Chioma,Frontespizio,Foglio
114,Viticcio,Legatura,Foglio
115,Petalo,Segnalibro,Foglio
116,Baccello,Cartiglio,Foglio
117,Seme,Manoscritto,Foglio
118,Innesto,Codice,Foglio
119,Venatura,Vergatura,Foglio
120,Pollone,Bozza,Foglio
121,Verzura,Cancellatura,Foglio
122,Talea,Timbro,Foglio
123,Velatura,Cartone,Raffaello
124,Rosato,Sanguigna,Raffaello
125,Sfumato,Spolvero,Raffaello
126,Impasto,Contorno,Raffaello
127,Lacca,Schizzo,Raffaello
128,Tinta,Tratto,Raffaello
129,Guazzo,Stilo,Raffaello
130,Vermiglio,Modello,Raffaello
131,Oltremare,Studio,Raffaello
132,Minio,Panneggio,Raffaello
133,Cangiante,Disegno,Raffaello
134,Amaranto,Bozzetto,Raffaello
135,Garanza,Profilo,Raffaello
136,Biacca,Contrapposto,Raffaello
137,Patina,Luccichio,Lucente
138,Fuliggine,Scintilla,Lucente
139,Cenere,Lucciola,Lucente
140,Ruggine,Balenio,Lucente
141,Verderame,Lustro,Lucente
142,Appannatura,Iride,Lucente
143,Ossido,Fulgore,Lucente
144,Sordina,Raggiera,Lucente
145,Grigiore,Abbaglio,Lucente
146,Torbido,Sfavillio,Lucente
147,Bruno,Lampo,Lucente
148,Smorzato,Guizzo,Lucente
149,Tizzone,Fiammella,Lucente
150,Pigmento,Intonaco,Fresco
151,Malachite,Calce,Fresco
152,Lapislazzuli,Arriccio,Fresco
153,Pennellata,Giornata,Fresco
154,Colatura,Muro,Fresco
155,Cinabrese,Tonachino,Fresco
156,Verdaccio,Ponteggio,Fresco
157,Bolo,Cazzuola,Fresco
158,Azzurrite,Frattazzo,Fresco
159,Ocra,Nicchia,Fresco
160,Chiaroscuro,Lunetta,Fresco
161,Grisaglia,Volta,Fresco
162,Bistro,Zoccolo,Fresco
163,Vernice,Cornice,Fresco
164,Semina,Argilla,Terra
165,Raccolto,Zolla,Terra
166,Spiga,Creta,Terra
167,Covone,Tufo,Terra
168,Maggese,Marna,Terra
169,Aratura,Limo,Terra
170,Erpice,Sabbia,Terra
171,Vendemmia,Ghiaia,Terra
172,Fienile,Terriccio,Terra
173,Aratro,Polvere,Terra
174,Semenza,Fango,Terra
175,Frutteto,Terracotta,Terra
176,Orto,Mattone,Terra
177,Fioritura,Gesso,Terra
178,Ginestra,Sasso,Terra
179,Lucerna,Sagoma,Ombra
180,Candela,Eclissi,Ombra
181,Torcia,Cripta,Ombra
182,Lampada,Androne,Ombra
183,Fiaccola,Sottoportico,Ombra
184,Candelabro,Vicolo,Ombra
185,Lume,Antro,Ombra
186,Falò,Grotta,Ombra
187,Braciere,Cantina,Ombra
188,Miccia,Cunicolo,Ombra
189,Stoppino,Anfratto,Ombra
190,Vampa,Voragine,Ombra
191,Focolare,Sotterraneo,Ombra
192,Cerino,Nascondiglio,Ombra
193,Ribalta,Velario,Ombra
194,Disgelo,Ghiaccio,Glaciale
195,Ruscello,Brina,Glaciale
196,Goccia,Gelo,Glaciale
197,Torrente,Nevaio,Glaciale
198,Zampillo,Cristallo,Glaciale
199,Polla,Galaverna,Glaciale
200,Rivolo,Seracco,Glaciale
201,Piena,Banchisa,Glaciale
202,Pioggia,Nevischio,Glaciale
203,Stillicidio,Ghiacciolo,Glaciale
204,Guado,Crepaccio,Glaciale
205,Sorgiva,Coltre,Glaciale
206,Sereno,Tormenta,Glaciale
207,Fontanile,Gelicidio,Glaciale
208,Riflusso,Slavina,Glaciale
209,Alba,Crepuscolo,Tramonto
210,Mattino,Vespro,Tramonto
211,Levata,Imbrunire,Tramonto
212,Oriente,Occaso,Tramonto
213,Levante,Ponente,Tramonto
214,Diana,Sera,Tramonto
215,Fiamma,Rossore,Tramonto
216,Favilla,Brace,Tramonto
217,Ambra,Rubino,Tramonto
218,Corallo,Granata,Tramonto
219,Zafferano,Melograno,Tramonto
220,Oro,Rame,Tramonto
221,Miele,Cotto,Tramonto
222,Albicocca,Vinaccia,Tramonto
223,Pesca,Prugna,Tramonto
224,Arancio,Mora,Tramonto
225,Citrino,Ametista,Tramonto
226,Zolfo,Indaco,Tramonto
227,Croco,Malva,Tramonto
228,Girasole,Lilla,Tramonto
229,Calice,Fornace,Murano
230,Ampolla,Crogiolo,Murano
231,Bolla,Canna,Murano
232,Perla,Soffio,Murano
233,Sfera,Colata,Murano
234,Lampadario,Pontello,Murano
235,Lastra,Fusione,Murano
236,Lente,Tempra,Murano
237,Prisma,Molatura,Murano
238,Piatto,Battuto,Murano
239,Bicchiere,Incalmo,Murano
240,Tessera,Murrina,Murano
241,Lattimo,Reticello,Murano
242,Opalina,Avventurina,Murano
243,Boccia,Sommerso,Murano
244,Smalto,Pulegoso,Murano
245,Pendaglio,Ricottura,Murano
246,Vetrata,Stampo,Murano
247,Rosone,Soffiatura,Murano
248,Fiala,Tenaglia,Murano
249,Diadema,Cesello,Murano
250,Congedo,Sigillo,Murano
